PLAYER_ID,SEASON_ID,LEAGUE_ID,TEAM_ID,TEAM_ABBREVIATION,PLAYER_AGE,GP,GS,MIN,FGM,FGA,FG_PCT,FG3M,FG3A,FG3_PCT,FTM,FTA,FT_PCT,OREB,DREB,REB,AST,STL,BLK,TOV,PF,PTS
1627826,2023-24,00,1610612746,LAC,26.0,42,42,1111.0,212,324,0.654,0,0,0.0,74,112,0.661,131,266,397,52,8,55,46,116,498
203469,2023-24,00,1610612740,NOP,31.0,36,0,289.0,21,53,0.396,1,3,0.333,21,35,0.6,38,57,95,34,8,4,13,39,64
1630209,2023-24,00,1610612762,UTA,25.0,29,6,269.0,40,83,0.482,3,15,0.2,6,11,0.545,36,71,107,13,4,11,24,35,89
1629027,2023-24,00,1610612737,ATL,25.0,49,49,1792.0,410,957,0.428,165,442,0.373,336,392,0.857,21,114,135,534,70,11,212,99,1321
201152,2023-24,00,1610612761,TOR,35.0,23,6,350.0,54,87,0.621,1,6,0.167,5,12,0.417,29,46,75,50,18,3,11,38,114
1626153,2023-24,00,1610612764,WAS,31.0,32,0,453.0,48,121,0.397,14,37,0.378,24,29,0.828,13,46,59,82,35,8,10,22,134
1626174,2023-24,00,1610612747,LAL,28.0,49,1,856.0,122,259,0.471,35,110,0.318,66,94,0.702,38,212,250,48,16,33,49,69,345
1630164,2023-24,00,1610612765,DET,22.0,34,0,482.0,91,135,0.674,0,2,0.0,25,40,0.625,52,86,138,22,4,22,28,66,207
1629685,2023-24,00,1610612752,NYK,27.0,3,0,7.0,1,2,0.5,1,2,0.5,0,0,0.0,0,1,1,1,0,0,0,1,3
1629685,2023-24,00,1610612747,LAL,27.0,4,0,12.0,3,5,0.6,3,4,0.75,0,0,0.0,0,2,2,3,0,0,0,1,9
1629685,2023-24,00,0,TOT,27.0,7,0,19.0,4,7,0.571,4,6,0.667,0,0,0.0,0,3,3,4,0,0,0,2,12
1630592,2023-24,00,1610612751,BKN,23.0,15,1,214.0,28,55,0.509,11,20,0.55,17,19,0.895,19,22,41,18,5,1,4,17,84
1629627,2023-24,00,1610612740,NOP,23.0,43,43,1310.0,372,640,0.581,4,11,0.364,202,295,0.685,75,161,236,205,41,20,108,100,950
1631246,2023-24,00,1610612763,MEM,23.0,42,23,1102.0,127,287,0.443,66,175,0.377,74,92,0.804,51,177,228,114,35,25,58,105,394
1629057,2023-24,00,1610612757,POR,26.0,6,0,119.0,17,26,0.654,0,0,0.0,7,9,0.778,11,27,38,5,7,7,7,17,41
1630533,2023-24,00,1610612763,MEM,22.0,44,9,828.0,120,308,0.39,49,156,0.314,49,59,0.831,30,119,149,64,27,9,57,75,338
1630172,2023-24,00,1610612741,CHI,22.0,43,30,1174.0,159,359,0.443,59,148,0.399,52,66,0.788,46,120,166,66,40,33,57,87,429
1631466,2023-24,00,1610612745,HOU,25.0,9,0,71.0,14,30,0.467,1,3,0.333,4,7,0.571,7,2,9,3,2,0,1,9,33
1631109,2023-24,00,1610612766,CHA,22.0,19,19,508.0,98,151,0.649,0,0,0.0,46,64,0.719,76,108,184,22,16,20,17,50,242
1629026,2023-24,00,1610612760,OKC,29.0,43,1,642.0,75,164,0.457,34,86,0.395,3,10,0.3,33,87,120,55,25,6,16,62,187
1631119,2023-24,00,1610612760,OKC,21.0,46,0,569.0,57,149,0.383,33,95,0.347,21,25,0.84,24,119,143,61,19,16,18,65,168
1631114,2023-24,00,1610612760,OKC,22.0,48,48,1539.0,360,662,0.544,72,159,0.453,129,159,0.811,26,169,195,221,49,22,85,126,921
1629684,2023-24,00,1610612742,DAL,25.0,47,33,1242.0,131,317,0.413,79,210,0.376,41,55,0.745,46,123,169,81,24,27,53,137,382
1629684,2023-24,00,1610612766,CHA,25.0,2,0,64.0,11,23,0.478,5,12,0.417,9,10,0.9,0,12,12,4,0,1,4,3,36
1629684,2023-24,00,0,TOT,25.0,49,33,1305.0,142,340,0.418,84,222,0.378,50,65,0.769,46,135,181,85,24,28,57,140,418
1629623,2023-24,00,1610612749,MIL,25.0,3,0,8.0,2,5,0.4,0,2,0.0,2,2,1.0,0,0,0,0,0,0,1,1,6
203952,2023-24,00,1610612744,GSW,28.0,46,35,1243.0,220,493,0.446,48,145,0.331,85,120,0.708,72,124,196,74,23,24,57,104,573
1630598,2023-24,00,1610612760,OKC,25.0,51,0,732.0,123,211,0.583,41,79,0.519,27,36,0.75,35,84,119,48,25,6,28,62,314
1641715,2023-24,00,1610612745,HOU,19.0,28,1,476.0,122,255,0.478,48,119,0.403,42,62,0.677,19,83,102,13,18,6,21,38,334
1641727,2023-24,00,1610612751,BKN,19.0,2,0,24.0,1,5,0.2,0,3,0.0,1,2,0.5,0,4,4,3,0,1,0,0,3
1628401,2023-24,00,1610612738,BOS,29.0,50,50,1618.0,266,581,0.458,131,333,0.393,104,117,0.889,33,161,194,237,50,59,81,108,767
1629632,2023-24,00,1610612741,CHI,23.0,54,54,1957.0,374,814,0.459,152,387,0.393,145,176,0.824,29,224,253,285,37,13,118,124,1045
201566,2023-24,00,1610612746,LAC,35.0,52,10,1197.0,236,509,0.464,36,125,0.288,81,122,0.664,74,206,280,239,58,21,110,92,589
1631104,2023-24,00,1610612759,SAS,20.0,33,1,415.0,54,104,0.519,4,23,0.174,20,36,0.556,8,30,38,86,19,4,24,52,132
1641705,2023-24,00,1610612759,SAS,20.0,48,48,1365.0,360,769,0.468,75,235,0.319,185,228,0.811,102,381,483,152,55,153,169,105,980
1631212,2023-24,00,1610612743,DEN,21.0,52,4,954.0,138,290,0.476,36,109,0.33,49,70,0.7,33,117,150,54,29,47,34,92,361
1630570,2023-24,00,1610612751,BKN,23.0,37,0,434.0,85,159,0.535,11,32,0.344,31,36,0.861,32,68,100,54,15,9,26,57,212
1630322,2023-24,00,1610612760,OKC,26.0,23,0,169.0,23,52,0.442,21,48,0.438,0,0,0.0,1,22,23,12,1,4,4,17,67
1629139,2023-24,00,1610612756,PHX,29.0,29,0,382.0,35,97,0.361,24,75,0.32,10,15,0.667,11,34,45,10,9,7,16,34,104
1629139,2023-24,00,1610612763,MEM,29.0,1,0,25.0,5,12,0.417,1,7,0.143,0,0,0.0,0,2,2,1,2,0,1,1,11
1629139,2023-24,00,0,TOT,29.0,30,0,407.0,40,109,0.367,25,82,0.305,10,15,0.667,11,36,47,11,11,7,17,35,115
1631102,2023-24,00,1610612749,MIL,22.0,5,0,21.0,1,7,0.143,1,3,0.333,0,0,0.0,0,1,1,1,2,0,2,0,3
1629023,2023-24,00,1610612766,CHA,25.0,44,17,1286.0,227,509,0.446,79,244,0.324,67,94,0.713,53,179,232,97,38,32,66,112,600
1629023,2023-24,00,1610612742,DAL,25.0,2,1,60.0,10,21,0.476,1,9,0.111,2,4,0.5,1,9,10,4,1,0,4,5,23
1629023,2023-24,00,0,TOT,25.0,46,18,1346.0,237,530,0.447,80,253,0.316,69,98,0.704,54,188,242,101,39,32,70,117,623
1641775,2023-24,00,1610612738,BOS,19.0,3,0,15.0,1,2,0.5,0,1,0.0,0,0,0.0,1,5,6,2,1,0,0,2,2
1641717,2023-24,00,1610612760,OKC,20.0,54,9,1120.0,141,280,0.504,63,153,0.412,22,26,0.846,31,86,117,72,37,23,25,91,367
1629022,2023-24,00,1610612751,BKN,25.0,33,0,606.0,141,295,0.478,71,162,0.438,35,46,0.761,8,60,68,52,24,10,34,39,388
1641716,2023-24,00,1610612754,IND,20.0,17,0,173.0,28,66,0.424,12,32,0.375,6,7,0.857,8,21,29,20,9,6,10,17,74
1631133,2023-24,00,1610612757,POR,21.0,49,14,1083.0,149,318,0.469,27,97,0.278,84,112,0.75,96,219,315,40,30,20,47,114,409
1630688,2023-24,00,1610612757,POR,29.0,7,0,46.0,6,18,0.333,6,16,0.375,2,2,1.0,0,9,9,0,2,1,1,4,20
1629021,2023-24,00,1610612753,ORL,26.0,52,1,961.0,220,376,0.585,26,80,0.325,114,144,0.792,81,151,232,63,24,16,62,113,580
1630532,2023-24,00,1610612753,ORL,22.0,46,46,1532.0,359,755,0.475,76,238,0.319,176,206,0.854,52,209,261,185,48,16,91,106,970
1629731,2023-24,00,1610612739,CLE,27.0,44,30,931.0,81,197,0.411,68,171,0.398,15,19,0.789,33,154,187,36,37,16,19,85,245
202696,2023-24,00,1610612741,CHI,33.0,49,47,1683.0,368,773,0.476,56,202,0.277,72,84,0.857,131,389,520,170,36,43,71,124,864
1629216,2023-24,00,1610612747,LAL,27.0,5,0,127.0,12,32,0.375,2,17,0.118,1,2,0.5,2,3,5,15,6,0,2,12,27
1628426,2023-24,00,1610612758,SAC,28.0,35,0,440.0,74,165,0.448,38,100,0.38,10,13,0.769,30,56,86,15,16,7,11,35,196
1630170,2023-24,00,1610612759,SAS,23.0,49,43,1551.0,343,730,0.47,123,332,0.37,123,152,0.809,19,161,180,177,50,13,67,49,932
1629020,2023-24,00,1610612747,LAL,24.0,29,6,581.0,59,114,0.518,8,27,0.296,24,36,0.667,41,97,138,36,36,5,28,43,150
1627832,2023-24,00,1610612745,HOU,29.0,47,47,1727.0,259,633,0.409,135,361,0.374,122,142,0.859,17,159,176,385,52,46,75,105,775
202685,2023-24,00,1610612740,NOP,31.0,54,54,1387.0,293,514,0.57,30,88,0.341,129,162,0.796,141,371,512,126,24,56,75,160,745
1630649,2023-24,00,1610612765,DET,24.0,17,0,190.0,25,52,0.481,17,31,0.548,22,24,0.917,4,27,31,9,4,5,11,28,89
1641816,2023-24,00,1610612743,DEN,23.0,9,0,27.0,1,7,0.143,0,6,0.0,0,0,0.0,0,6,6,1,0,0,2,6,2
1626167,2023-24,00,1610612754,IND,27.0,52,52,1425.0,325,620,0.524,71,211,0.336,173,221,0.783,81,278,359,70,30,91,75,167,894
200782,2023-24,00,1610612755,PHI,38.0,3,3,66.0,2,5,0.4,2,5,0.4,0,0,0.0,1,13,14,0,3,2,2,9,6
200782,2023-24,00,1610612746,LAC,38.0,12,0,173.0,4,14,0.286,3,11,0.273,3,3,1.0,15,14,29,8,6,1,2,26,14
200782,2023-24,00,0,TOT,38.0,15,3,239.0,6,19,0.316,5,16,0.313,3,3,1.0,16,27,43,8,9,3,4,35,20
1631131,2023-24,00,1610612754,IND,24.0,6,0,34.0,8,16,0.5,0,0,0.0,5,6,0.833,6,6,12,2,2,0,0,1,21
1629018,2023-24,00,1610612761,TOR,25.0,49,19,1283.0,209,501,0.417,117,279,0.419,30,45,0.667,12,93,105,71,48,5,35,60,565
1626157,2023-24,00,1610612750,MIN,28.0,53,53,1738.0,423,820,0.516,120,275,0.436,225,257,0.875,75,368,443,155,36,33,150,175,1191
1630167,2023-24,00,1610612754,IND,25.0,55,28,1234.0,229,405,0.565,69,171,0.404,55,73,0.753,58,155,213,87,27,26,48,102,582
1631210,2023-24,00,1610612752,NYK,23.0,4,0,15.0,1,2,0.5,0,1,0.0,0,0,0.0,1,1,2,2,0,1,0,0,2
1630214,2023-24,00,1610612763,MEM,25.0,34,13,700.0,87,213,0.408,12,53,0.226,18,43,0.419,56,101,157,57,42,35,29,60,204
1629680,2023-24,00,1610612757,POR,26.0,51,19,1185.0,97,246,0.394,66,191,0.346,16,20,0.8,22,76,98,65,83,39,28,73,276
1630550,2023-24,00,1610612766,CHA,21.0,42,1,574.0,51,139,0.367,19,60,0.317,7,13,0.538,38,70,108,17,8,17,11,43,128
202684,2023-24,00,1610612739,CLE,32.0,36,0,446.0,61,94,0.649,0,1,0.0,13,42,0.31,59,81,140,40,8,11,23,50,135
202691,2023-24,00,1610612744,GSW,34.0,48,48,1470.0,290,694,0.418,155,415,0.373,84,92,0.913,25,142,167,109,28,26,74,87,819
1641709,2023-24,00,1610612765,DET,21.0,53,28,1269.0,190,393,0.483,13,84,0.155,60,94,0.638,114,229,343,99,51,48,70,149,453
1641708,2023-24,00,1610612745,HOU,21.0,34,5,639.0,98,192,0.51,6,38,0.158,44,68,0.647,53,128,181,84,39,14,51,75,246
1630560,2023-24,00,1610612751,BKN,22.0,44,29,1311.0,341,770,0.443,90,245,0.367,175,209,0.837,16,110,126,115,32,12,80,93,947
1628464,2023-24,00,1610612754,IND,31.0,1,0,8.0,1,4,0.25,0,1,0.0,0,0,0.0,0,0,0,0,0,0,0,1,2
1628464,2023-24,00,1610612746,LAC,31.0,39,1,663.0,100,185,0.541,16,38,0.421,31,43,0.721,58,85,143,40,18,35,27,92,247
1628464,2023-24,00,0,TOT,31.0,40,1,672.0,101,189,0.534,16,39,0.41,31,43,0.721,58,85,143,40,18,35,27,93,249
1631207,2023-24,00,1610612741,CHI,21.0,34,1,344.0,30,75,0.4,10,42,0.238,16,22,0.727,11,46,57,41,10,8,17,45,86
202066,2023-24,00,1610612761,TOR,37.0,16,0,69.0,8,21,0.381,2,9,0.222,5,6,0.833,5,6,11,6,3,0,5,6,23
1630678,2023-24,00,1610612741,CHI,24.0,18,0,131.0,15,28,0.536,1,7,0.143,1,1,1.0,14,13,27,6,4,2,7,13,32
1628369,2023-24,00,1610612738,BOS,25.0,51,51,1832.0,474,996,0.476,157,431,0.364,286,347,0.824,45,393,438,240,52,31,129,104,1391
1630256,2023-24,00,1610612745,HOU,28.0,50,9,875.0,89,188,0.473,20,67,0.299,20,28,0.714,49,114,163,53,36,9,21,118,218
1631306,2023-24,00,1610612748,MIA,24.0,10,0,50.0,9,23,0.391,5,17,0.294,2,2,1.0,1,2,3,4,1,1,6,2,25
1630591,2023-24,00,1610612753,ORL,22.0,50,50,1344.0,219,492,0.445,103,268,0.384,76,100,0.76,37,129,166,121,70,29,94,141,617
1629622,2023-24,00,1610612739,CLE,27.0,52,52,1681.0,231,563,0.41,126,372,0.339,50,64,0.781,45,214,259,193,47,24,76,133,638
1631124,2023-24,00,1610612743,DEN,21.0,35,0,485.0,74,196,0.378,38,123,0.309,18,25,0.72,4,48,52,40,17,6,17,48,204
1630191,2023-24,00,1610612765,DET,22.0,35,34,1070.0,142,302,0.47,49,131,0.374,53,71,0.746,63,175,238,61,13,27,54,86,386
1630205,2023-24,00,1610612738,BOS,26.0,19,1,122.0,21,45,0.467,3,8,0.375,8,11,0.727,12,19,31,8,6,5,9,14,53
1630205,2023-24,00,1610612763,MEM,26.0,1,0,26.0,5,10,0.5,0,1,0.0,0,0,0.0,1,6,7,0,0,2,2,3,10
1630205,2023-24,00,0,TOT,26.0,20,1,148.0,26,55,0.473,3,9,0.333,8,11,0.727,13,25,38,8,6,7,11,17,63
1630531,2023-24,00,1610612755,PHI,21.0,32,1,377.0,46,118,0.39,8,37,0.216,28,34,0.824,25,33,58,35,25,11,26,49,128
1631110,2023-24,00,1610612759,SAS,20.0,54,53,1592.0,242,547,0.442,51,153,0.333,81,104,0.779,96,232,328,194,39,25,104,125,616
1641733,2023-24,00,1610612766,CHA,19.0,36,0,572.0,88,217,0.406,51,113,0.451,11,13,0.846,16,38,54,45,7,7,31,45,238
1631095,2023-24,00,1610612745,HOU,20.0,48,48,1516.0,237,510,0.465,80,217,0.369,85,105,0.81,95,304,399,69,32,36,60,130,639
1628372,2023-24,00,1610612751,BKN,26.0,37,1,741.0,108,245,0.441,19,69,0.275,32,41,0.78,40,87,127,147,45,10,46,87,267
1631173,2023-24,00,1610612755,PHI,21.0,10,0,65.0,16,39,0.41,12,30,0.4,2,3,0.667,0,2,2,10,7,0,4,4,46
1630188,2023-24,00,1610612754,IND,23.0,38,13,689.0,160,253,0.632,44,91,0.484,45,64,0.703,61,151,212,39,11,25,31,86,409
202397,2023-24,00,1610612766,CHA,35.0,43,5,741.0,66,158,0.418,4,8,0.5,3,4,0.75,11,65,76,145,17,4,47,49,139
1630696,2023-24,00,1610612748,MIA,26.0,9,0,131.0,15,33,0.455,7,17,0.412,2,2,1.0,6,8,14,14,9,3,5,12,39
203935,2023-24,00,1610612763,MEM,29.0,20,20,605.0,102,237,0.43,42,134,0.313,43,56,0.768,6,47,53,86,41,5,62,53,289
1630606,2023-24,00,1610612755,PHI,24.0,1,0,1.0,0,0,0.0,0,0,0.0,0,0,0.0,0,0,0,0,0,0,0,0,0
1641771,2023-24,00,1610612758,SAC,24.0,5,0,19.0,2,3,0.667,0,1,0.0,0,0,0.0,0,4,4,2,0,1,2,3,4
1630579,2023-24,00,1610612752,NYK,25.0,27,8,270.0,22,30,0.733,0,0,0.0,4,7,0.571,23,40,63,8,2,10,8,25,48
1629014,2023-24,00,1610612757,POR,24.0,30,30,1006.0,241,551,0.437,103,265,0.389,114,125,0.912,15,90,105,158,15,4,76,63,699
1627732,2023-24,00,1610612751,BKN,27.0,12,10,308.0,38,64,0.594,0,0,0.0,6,14,0.429,27,74,101,78,9,8,25,32,82
1627783,2023-24,00,1610612761,TOR,29.0,39,39,1354.0,325,623,0.522,46,145,0.317,169,223,0.758,54,192,246,190,32,10,83,87,865
1627783,2023-24,00,1610612754,IND,29.0,14,14,463.0,124,214,0.579,18,43,0.419,32,52,0.615,28,68,96,65,13,3,25,38,298
1627783,2023-24,00,0,TOT,29.0,53,53,1818.0,449,837,0.536,64,188,0.34,201,275,0.731,82,260,342,255,45,13,108,125,1163
1641767,2023-24,00,1610612754,IND,22.0,32,0,336.0,34,93,0.366,17,62,0.274,12,15,0.8,7,32,39,24,15,1,6,41,97
1631101,2023-24,00,1610612757,POR,20.0,32,25,1059.0,176,434,0.406,60,180,0.333,98,119,0.824,42,118,160,94,28,12,72,88,510
1630549,2023-24,00,1610612751,BKN,22.0,38,1,601.0,113,196,0.577,1,7,0.143,56,90,0.622,105,157,262,54,17,32,37,87,283
1629013,2023-24,00,1610612764,WAS,26.0,36,0,542.0,98,219,0.447,45,122,0.369,31,39,0.795,12,36,48,46,21,8,21,64,272
1629012,2023-24,00,1610612762,UTA,25.0,54,31,1318.0,323,667,0.484,84,215,0.391,218,252,0.865,48,93,141,243,36,10,105,108,948
1641729,2023-24,00,1610612762,UTA,20.0,5,0,14.0,2,7,0.286,1,2,0.5,0,0,0.0,1,3,4,2,0,0,1,1,5
1630578,2023-24,00,1610612745,HOU,21.0,52,52,1688.0,438,809,0.541,28,97,0.289,199,277,0.718,141,336,477,261,59,38,135,169,1103
1631220,2023-24,00,1610612740,NOP,23.0,5,0,52.0,4,13,0.308,1,2,0.5,5,6,0.833,1,6,7,4,2,1,0,4,14
203471,2023-24,00,1610612761,TOR,30.0,51,33,1559.0,247,559,0.442,77,220,0.35,127,149,0.852,22,118,140,313,46,8,83,105,698
203471,2023-24,00,1610612751,BKN,30.0,2,0,59.0,9,23,0.391,5,12,0.417,1,3,0.333,0,8,8,15,0,0,5,5,24
203471,2023-24,00,0,TOT,30.0,53,33,1617.0,256,582,0.44,82,232,0.353,128,152,0.842,22,126,148,328,46,8,88,110,722
1629678,2023-24,00,1610612753,ORL,26.0,12,0,46.0,5,15,0.333,2,9,0.222,0,2,0.0,1,6,7,4,0,0,4,7,12
1631204,2023-24,00,1610612765,DET,23.0,48,0,779.0,140,297,0.471,57,133,0.429,33,38,0.868,7,68,75,143,26,8,46,65,370
1630846,2023-24,00,1610612760,OKC,24.0,12,0,89.0,10,18,0.556,2,6,0.333,9,13,0.692,10,24,34,2,0,6,3,17,31
203967,2023-24,00,1610612744,GSW,29.0,49,9,961.0,164,344,0.477,71,174,0.408,74,86,0.86,64,190,254,121,30,8,60,102,473
1630611,2023-24,00,1610612744,GSW,21.0,12,0,109.0,15,32,0.469,4,13,0.308,14,15,0.933,12,20,32,7,3,2,3,14,48
1641766,2023-24,00,1610612741,CHI,22.0,3,0,11.0,3,3,1.0,0,0,0.0,2,3,0.667,2,4,6,0,0,0,1,0,8
1631257,2023-24,00,1610612745,HOU,25.0,11,0,53.0,8,11,0.727,0,2,0.0,2,2,1.0,2,9,11,2,1,1,0,4,18
1629677,2023-24,00,1610612762,UTA,24.0,25,0,144.0,22,60,0.367,5,23,0.217,17,21,0.81,8,34,42,4,1,3,11,16,66
1627734,2023-24,00,1610612758,SAC,27.0,53,53,1891.0,430,690,0.623,26,61,0.426,182,261,0.697,173,529,702,443,43,29,175,167,1068
1630346,2023-24,00,1610612740,NOP,26.0,14,1,303.0,38,85,0.447,32,68,0.471,13,14,0.929,5,26,31,14,5,1,16,24,121
1626156,2023-24,00,1610612747,LAL,27.0,50,43,1559.0,322,693,0.465,136,325,0.418,99,123,0.805,19,115,134,306,40,26,97,104,879
1641712,2023-24,00,1610612757,POR,19.0,16,0,119.0,15,43,0.349,7,17,0.412,5,8,0.625,7,14,21,11,3,0,6,7,42
1626179,2023-24,00,1610612766,CHA,29.0,30,30,1065.0,252,549,0.459,83,232,0.358,109,129,0.845,17,100,117,198,32,12,65,52,696
1626179,2023-24,00,1610612748,MIA,29.0,10,9,299.0,46,128,0.359,11,47,0.234,23,24,0.958,10,35,45,56,8,2,11,19,126
1626179,2023-24,00,0,TOT,29.0,40,39,1364.0,298,677,0.44,94,279,0.337,132,153,0.863,27,135,162,254,40,14,76,71,822
201565,2023-24,00,1610612763,MEM,35.0,20,7,348.0,67,148,0.453,15,39,0.385,22,24,0.917,7,31,38,68,8,2,25,19,171
1631157,2023-24,00,1610612764,WAS,21.0,10,0,66.0,13,25,0.52,2,3,0.667,13,17,0.765,2,9,11,11,8,3,7,7,41
1631223,2023-24,00,1610612763,MEM,22.0,48,13,1114.0,155,386,0.402,47,156,0.301,46,67,0.687,51,149,200,76,25,11,54,68,403
1630526,2023-24,00,1610612740,NOP,23.0,21,1,210.0,30,58,0.517,8,22,0.364,10,11,0.909,15,34,49,10,7,3,9,15,78
1631115,2023-24,00,1610612748,MIA,23.0,24,7,239.0,32,62,0.516,7,13,0.538,18,24,0.75,19,47,66,27,6,7,14,31,89
1629011,2023-24,00,1610612752,NYK,25.0,21,21,613.0,58,98,0.592,0,0,0.0,14,38,0.368,112,104,216,15,32,27,21,40,130
1629010,2023-24,00,1610612744,GSW,26.0,9,0,30.0,0,9,0.0,0,5,0.0,4,6,0.667,1,2,3,2,0,1,0,1,4
1629130,2023-24,00,1610612748,MIA,29.0,49,18,1338.0,224,492,0.455,135,333,0.405,64,72,0.889,11,108,119,137,30,10,65,112,647
1626196,2023-24,00,1610612748,MIA,30.0,43,6,1103.0,154,347,0.444,66,190,0.347,51,54,0.944,18,103,121,105,24,14,36,76,425
1630208,2023-24,00,1610612766,CHA,26.0,44,31,1135.0,166,242,0.686,0,0,0.0,93,127,0.732,115,235,350,38,13,57,48,118,425
1631197,2023-24,00,1610612765,DET,24.0,6,0,42.0,6,11,0.545,1,4,0.25,2,2,1.0,1,4,5,4,0,2,3,4,15
1629675,2023-24,00,1610612750,MIN,24.0,54,0,1215.0,251,513,0.489,103,249,0.414,58,77,0.753,46,203,249,57,38,41,66,106,663
1630194,2023-24,00,1610612755,PHI,24.0,53,17,915.0,149,274,0.544,10,32,0.313,30,42,0.714,113,167,280,64,39,42,37,121,338
1629629,2023-24,00,1610612747,LAL,24.0,35,26,815.0,83,205,0.405,32,95,0.337,36,46,0.783,19,65,84,47,43,11,30,55,234
1630559,2023-24,00,1610612747,LAL,25.0,55,30,1708.0,297,612,0.485,94,261,0.36,176,204,0.863,38,179,217,297,49,10,114,105,864
1641871,2023-24,00,1610612757,POR,27.0,39,11,679.0,129,267,0.483,54,138,0.391,39,52,0.75,55,94,149,45,20,19,29,98,351
203944,2023-24,00,1610612752,NYK,29.0,46,46,1630.0,395,836,0.472,76,244,0.311,236,302,0.781,99,324,423,229,25,12,159,125,1102
1631311,2023-24,00,1610612744,GSW,23.0,17,0,220.0,28,72,0.389,18,45,0.4,8,12,0.667,13,29,42,19,4,2,12,25,82
1630193,2023-24,00,1610612752,NYK,24.0,30,0,720.0,152,335,0.454,64,162,0.395,82,94,0.872,5,72,77,74,16,3,31,44,450
1630193,2023-24,00,1610612761,TOR,24.0,19,19,606.0,105,263,0.399,51,123,0.415,49,60,0.817,7,66,73,109,13,3,24,34,310
1630193,2023-24,00,0,TOT,24.0,49,19,1326.0,257,598,0.43,115,285,0.404,131,154,0.851,12,138,150,183,29,6,55,78,760
1629674,2023-24,00,1610612738,BOS,24.0,22,0,269.0,45,74,0.608,0,0,0.0,15,20,0.75,42,56,98,11,9,14,8,42,105
1630243,2023-24,00,1610612753,ORL,26.0,12,0,155.0,14,36,0.389,3,16,0.188,9,12,0.75,3,15,18,18,7,5,7,14,40
1641765,2023-24,00,1610612742,DAL,21.0,29,0,249.0,24,69,0.348,8,33,0.242,23,34,0.676,17,42,59,19,3,2,4,17,79
1630202,2023-24,00,1610612738,BOS,26.0,54,0,1106.0,150,354,0.424,89,241,0.369,30,37,0.811,48,122,170,151,23,6,32,68,419
1627752,2023-24,00,1610612747,LAL,29.0,52,47,1561.0,179,409,0.438,104,267,0.39,36,50,0.72,13,142,155,89,46,25,48,114,498
1630563,2023-24,00,1610612746,LAC,21.0,1,0,5.0,1,2,0.5,0,1,0.0,0,0,0.0,0,0,0,0,0,1,3,0,2
1626181,2023-24,00,1610612746,LAC,30.0,52,0,1306.0,243,494,0.492,106,238,0.445,97,115,0.843,8,125,133,51,27,18,44,94,689
203939,2023-24,00,1610612742,DAL,32.0,46,8,718.0,66,93,0.71,1,2,0.5,59,81,0.728,81,99,180,73,22,18,27,99,192
1630695,2023-24,00,1610612762,UTA,25.0,2,0,7.0,0,1,0.0,0,1,0.0,0,0,0.0,0,4,4,0,0,0,0,0,0
204001,2023-24,00,1610612738,BOS,28.0,39,39,1165.0,266,503,0.529,71,197,0.36,191,226,0.845,62,210,272,76,24,73,66,112,794
1626171,2023-24,00,1610612749,MIL,29.0,55,1,1318.0,279,567,0.492,64,168,0.381,72,91,0.791,89,291,380,60,41,21,52,135,694
203490,2023-24,00,1610612761,TOR,30.0,15,1,174.0,14,33,0.424,8,23,0.348,3,3,1.0,6,23,29,8,5,5,2,19,39
1629008,2023-24,00,1610612743,DEN,25.0,53,53,1671.0,323,687,0.47,143,364,0.393,53,67,0.791,70,299,369,76,24,39,58,102,842
1641854,2023-24,00,1610612739,CLE,23.0,32,5,469.0,84,165,0.509,7,21,0.333,32,46,0.696,15,64,79,91,17,12,33,30,207
1629673,2023-24,00,1610612764,WAS,24.0,51,51,1485.0,285,715,0.399,96,323,0.297,128,149,0.859,18,104,122,186,55,18,108,162,794
1630197,2023-24,00,1610612760,OKC,22.0,10,0,60.0,4,16,0.25,2,11,0.182,2,4,0.5,2,8,10,5,1,1,3,5,12
1627751,2023-24,00,1610612761,TOR,28.0,43,43,1147.0,208,305,0.682,0,0,0.0,51,93,0.548,118,245,363,101,28,64,70,129,467
1641764,2023-24,00,1610612744,GSW,20.0,45,13,1177.0,171,375,0.456,52,144,0.361,34,53,0.642,67,192,259,167,39,8,57,87,428
203486,2023-24,00,1610612746,LAC,33.0,22,9,389.0,52,78,0.667,0,0,0.0,38,57,0.667,32,96,128,26,7,8,15,32,142
1629618,2023-24,00,1610612743,DEN,24.0,16,0,97.0,12,28,0.429,7,20,0.35,2,2,1.0,1,10,11,12,3,0,6,8,33
1641763,2023-24,00,1610612741,CHI,20.0,30,0,198.0,18,45,0.4,5,23,0.217,6,11,0.545,6,13,19,8,1,6,7,31,47
1630196,2023-24,00,1610612755,PHI,23.0,1,0,3.0,0,0,0.0,0,0,0.0,0,0,0.0,0,1,1,0,0,0,0,0,0
1630196,2023-24,00,1610612758,SAC,23.0,2,0,7.0,1,2,0.5,0,0,0.0,1,2,0.5,0,0,0,0,0,0,0,1,3
1630196,2023-24,00,0,TOT,23.0,3,0,9.0,1,2,0.5,0,0,0.0,1,2,0.5,0,1,1,0,0,0,0,1,3
1627780,2023-24,00,1610612744,GSW,31.0,18,0,291.0,45,88,0.511,11,34,0.324,8,11,0.727,19,35,54,17,18,6,11,32,109
1626166,2023-24,00,1610612749,MIL,29.0,47,2,702.0,101,222,0.455,52,131,0.397,37,44,0.841,5,57,62,109,22,3,31,73,291
1626166,2023-24,00,1610612755,PHI,29.0,3,1,81.0,14,34,0.412,5,15,0.333,8,9,0.889,3,3,6,16,2,1,3,4,41
1626166,2023-24,00,0,TOT,29.0,50,3,783.0,115,256,0.449,57,146,0.39,45,53,0.849,8,60,68,125,24,4,34,77,332
101108,2023-24,00,1610612744,GSW,38.0,32,11,882.0,104,245,0.424,43,119,0.361,35,42,0.833,10,111,121,230,36,3,38,59,286
1626162,2023-24,00,1610612755,PHI,28.0,41,30,1185.0,216,466,0.464,61,187,0.326,88,119,0.739,50,134,184,44,47,24,34,116,581
1626224,2023-24,00,1610612759,SAS,28.0,54,1,971.0,145,305,0.475,66,174,0.379,34,50,0.68,20,119,139,91,29,9,36,82,390
1630647,2023-24,00,1610612764,WAS,26.0,23,0,167.0,41,81,0.506,6,22,0.273,22,29,0.759,22,29,51,19,15,1,13,31,110
203482,2023-24,00,1610612762,UTA,32.0,50,8,1019.0,145,258,0.562,36,84,0.429,80,95,0.842,63,191,254,219,37,12,81,132,406
203482,2023-24,00,1610612761,TOR,32.0,2,0,43.0,10,20,0.5,2,6,0.333,6,6,1.0,4,7,11,5,6,1,3,3,28
203482,2023-24,00,0,TOT,32.0,52,8,1063.0,155,278,0.558,38,90,0.422,86,101,0.851,67,198,265,224,43,13,84,135,434
1630171,2023-24,00,1610612739,CLE,23.0,43,24,1127.0,136,277,0.491,42,109,0.385,65,95,0.684,52,84,136,80,37,20,34,88,379
1630168,2023-24,00,1610612737,ATL,23.0,53,8,1367.0,214,351,0.61,22,65,0.338,92,115,0.8,143,226,369,71,23,59,45,158,542
1629006,2023-24,00,1610612756,PHX,25.0,48,11,844.0,76,180,0.422,24,81,0.296,68,93,0.731,61,72,133,55,43,21,27,61,244
1629643,2023-24,00,1610612753,ORL,25.0,32,8,377.0,38,99,0.384,23,72,0.319,2,5,0.4,18,53,71,17,7,7,12,19,101
1626220,2023-24,00,1610612751,BKN,30.0,49,6,1202.0,126,325,0.388,97,265,0.366,15,22,0.682,38,183,221,137,32,29,51,120,364
1626220,2023-24,00,1610612756,PHX,30.0,2,0,41.0,4,10,0.4,3,7,0.429,1,3,0.333,2,6,8,6,5,2,1,6,12
1626220,2023-24,00,0,TOT,30.0,51,6,1243.0,130,335,0.388,100,272,0.368,16,25,0.64,40,189,229,143,37,31,52,126,376
1629670,2023-24,00,1610612754,IND,25.0,18,0,183.0,37,82,0.451,11,36,0.306,9,11,0.818,8,25,33,18,6,1,12,19,94
1629670,2023-24,00,1610612761,TOR,25.0,9,0,119.0,19,44,0.432,9,22,0.409,15,17,0.882,5,15,20,13,5,2,7,12,62
1629670,2023-24,00,0,TOT,25.0,27,0,302.0,56,126,0.444,20,58,0.345,24,28,0.857,13,40,53,31,11,3,19,31,156
203994,2023-24,00,1610612756,PHX,29.0,51,51,1394.0,235,455,0.516,21,84,0.25,114,165,0.691,132,385,517,186,52,50,104,171,605
1628373,2023-24,00,1610612766,CHA,25.0,5,0,43.0,1,9,0.111,1,8,0.125,2,2,1.0,1,5,6,4,0,0,1,4,5
1641806,2023-24,00,1610612761,TOR,24.0,1,0,4.0,0,1,0.0,0,0,0.0,2,2,1.0,2,0,2,2,1,0,0,0,2
1630192,2023-24,00,1610612743,DEN,23.0,39,0,374.0,45,103,0.437,5,18,0.278,28,43,0.651,44,40,84,23,10,20,24,59,123
1630227,2023-24,00,1610612750,MIN,22.0,9,0,30.0,6,16,0.375,4,11,0.364,1,4,0.25,0,1,1,2,1,0,1,0,17
1627777,2023-24,00,1610612739,CLE,30.0,52,1,1128.0,171,398,0.43,88,248,0.355,33,38,0.868,18,173,191,64,12,12,38,122,463
1630174,2023-24,00,1610612754,IND,24.0,50,25,1364.0,232,443,0.524,106,232,0.457,66,94,0.702,48,148,196,71,54,32,50,168,636
1629614,2023-24,00,1610612754,IND,24.0,41,20,927.0,154,315,0.489,30,90,0.333,28,35,0.8,23,49,72,187,35,3,70,80,366
1626204,2023-24,00,1610612740,NOP,31.0,36,0,668.0,77,135,0.57,19,42,0.452,25,34,0.735,47,138,185,55,35,13,26,50,198
1629004,2023-24,00,1610612738,BOS,26.0,22,0,168.0,21,63,0.333,16,52,0.308,3,6,0.5,5,15,20,10,7,0,6,11,61
203488,2023-24,00,1610612764,WAS,32.0,24,2,338.0,33,90,0.367,14,51,0.275,15,20,0.75,22,53,75,22,5,7,16,31,95
203488,2023-24,00,1610612765,DET,32.0,12,4,156.0,14,38,0.368,13,31,0.419,1,2,0.5,8,18,26,8,2,5,2,12,42
203488,2023-24,00,0,TOT,32.0,36,6,494.0,47,128,0.367,27,82,0.329,16,22,0.727,30,71,101,30,7,12,18,43,137
1631200,2023-24,00,1610612757,POR,23.0,33,1,434.0,46,113,0.407,18,56,0.321,8,12,0.667,21,42,63,23,25,7,17,26,118
1631099,2023-24,00,1610612758,SAC,23.0,49,49,1590.0,280,606,0.462,109,307,0.355,65,81,0.802,60,199,259,84,54,31,40,130,734
1627750,2023-24,00,1610612743,DEN,26.0,40,40,1258.0,308,658,0.468,97,236,0.411,107,126,0.849,27,130,157,258,32,27,81,76,820
1627749,2023-24,00,1610612737,ATL,27.0,51,51,1788.0,420,903,0.465,118,320,0.369,144,174,0.828,34,225,259,273,66,14,116,91,1102
1630530,2023-24,00,1610612740,NOP,23.0,29,6,743.0,125,285,0.439,72,199,0.362,46,58,0.793,15,92,107,46,19,12,15,34,368
202694,2023-24,00,1610612755,PHI,34.0,37,7,637.0,90,205,0.439,36,90,0.4,31,36,0.861,18,91,109,26,13,11,19,61,247
1628420,2023-24,00,1610612765,DET,28.0,6,0,68.0,12,33,0.364,2,11,0.182,1,2,0.5,2,10,12,8,1,1,2,1,27
1628420,2023-24,00,1610612750,MIN,28.0,2,0,30.0,2,8,0.25,1,5,0.2,0,0,0.0,0,3,3,4,2,1,0,2,5
1628420,2023-24,00,0,TOT,28.0,8,0,98.0,14,41,0.341,3,16,0.188,1,2,0.5,2,13,15,12,3,2,2,3,32
202693,2023-24,00,1610612742,DAL,34.0,17,1,156.0,16,49,0.327,10,30,0.333,3,4,0.75,4,26,30,11,5,1,9,11,45
1629630,2023-24,00,1610612763,MEM,24.0,9,9,318.0,80,170,0.471,14,51,0.275,52,64,0.813,6,44,50,73,7,5,27,19,226
1631111,2023-24,00,1610612750,MIN,22.0,14,0,44.0,5,10,0.5,0,4,0.0,0,0,0.0,0,6,6,2,5,1,3,4,10
1630541,2023-24,00,1610612744,GSW,21.0,38,4,668.0,114,246,0.463,41,118,0.347,45,57,0.789,42,73,115,32,25,14,27,48,314
1628370,2023-24,00,1610612758,SAC,26.0,52,0,1341.0,278,613,0.454,119,314,0.379,121,149,0.812,19,124,143,277,30,34,113,106,796
1630600,2023-24,00,1610612739,CLE,24.0,3,0,14.0,2,4,0.5,1,2,0.5,0,0,0.0,0,2,2,4,1,0,1,2,5
1630596,2023-24,00,1610612739,CLE,22.0,29,29,906.0,193,331,0.583,9,23,0.391,65,85,0.765,69,228,297,84,24,43,58,83,460
1628378,2023-24,00,1610612739,CLE,27.0,43,43,1521.0,426,897,0.475,143,394,0.363,224,260,0.862,42,190,232,269,82,23,122,92,1219
1630558,2023-24,00,1610612758,SAC,25.0,43,3,571.0,63,157,0.401,24,80,0.3,18,25,0.72,7,39,46,75,10,2,25,52,168
1631169,2023-24,00,1610612750,MIN,21.0,18,0,56.0,10,21,0.476,1,6,0.167,12,14,0.857,3,3,6,3,3,3,2,7,33
1631303,2023-24,00,1610612757,POR,24.0,16,0,140.0,6,22,0.273,3,14,0.214,3,6,0.5,8,9,17,6,5,5,5,10,18
1629003,2023-24,00,1610612750,MIN,27.0,38,0,491.0,64,160,0.4,14,53,0.264,36,44,0.818,7,44,51,50,16,5,28,44,178
1629003,2023-24,00,1610612765,DET,27.0,2,0,31.0,6,14,0.429,0,2,0.0,0,0,0.0,3,6,9,4,1,0,1,2,12
1629003,2023-24,00,0,TOT,27.0,40,0,522.0,70,174,0.402,14,55,0.255,36,44,0.818,10,50,60,54,17,5,29,46,190
201988,2023-24,00,1610612737,ATL,35.0,19,0,202.0,19,51,0.373,13,34,0.382,0,0,0.0,5,15,20,14,9,1,8,17,51
1631159,2023-24,00,1610612750,MIN,20.0,6,0,21.0,7,10,0.7,1,3,0.333,0,0,0.0,1,9,10,1,1,1,1,3,15
1641757,2023-24,00,1610612746,LAC,24.0,5,0,21.0,4,6,0.667,1,1,1.0,2,2,1.0,2,2,4,0,0,0,1,2,11
1641706,2023-24,00,1610612766,CHA,21.0,47,41,1472.0,289,650,0.445,108,281,0.384,86,104,0.827,39,150,189,106,37,24,77,124,772
203114,2023-24,00,1610612749,MIL,32.0,43,43,1129.0,242,497,0.487,73,193,0.378,79,95,0.832,26,158,184,216,38,13,89,104,636
203995,2023-24,00,1610612760,OKC,30.0,30,0,361.0,37,91,0.407,11,45,0.244,14,19,0.737,1,23,24,76,9,3,29,22,99
203995,2023-24,00,1610612766,CHA,30.0,2,0,47.0,9,16,0.563,2,4,0.5,0,0,0.0,1,3,4,13,0,0,5,4,20
203995,2023-24,00,0,TOT,30.0,32,0,408.0,46,107,0.43,13,49,0.265,14,19,0.737,2,26,28,89,9,3,34,26,119
1629002,2023-24,00,1610612756,PHX,26.0,37,5,448.0,66,130,0.508,15,51,0.294,38,43,0.884,24,86,110,19,19,9,27,39,185
1630241,2023-24,00,1610612739,CLE,27.0,37,0,577.0,100,228,0.439,87,197,0.442,10,11,0.909,14,52,66,56,13,1,11,43,297
1629001,2023-24,00,1610612755,PHI,25.0,33,33,959.0,129,328,0.393,70,193,0.363,62,75,0.827,27,105,132,105,54,15,38,79,390
1629162,2023-24,00,1610612750,MIN,27.0,32,0,286.0,30,75,0.4,17,42,0.405,4,8,0.5,10,23,33,53,22,5,11,15,81
1631121,2023-24,00,1610612766,CHA,21.0,42,13,703.0,83,181,0.459,30,84,0.357,43,57,0.754,15,65,80,40,16,4,25,65,239
201580,2023-24,00,1610612758,SAC,36.0,39,0,310.0,73,116,0.629,0,4,0.0,25,43,0.581,37,75,112,14,9,19,31,44,171
203926,2023-24,00,1610612759,SAS,32.0,46,0,700.0,95,215,0.442,76,173,0.439,10,17,0.588,8,40,48,57,11,2,24,48,276
203926,2023-24,00,1610612754,IND,32.0,2,0,15.0,0,5,0.0,0,5,0.0,0,0,0.0,0,0,0,1,0,0,0,2,0
203926,2023-24,00,0,TOT,32.0,48,0,715.0,95,220,0.432,76,178,0.427,10,17,0.588,8,40,48,58,11,2,24,50,276
1629667,2023-24,00,1610612761,TOR,26.0,33,0,295.0,35,105,0.333,11,53,0.208,14,20,0.7,9,33,42,17,11,3,18,30,95
1630183,2023-24,00,1610612750,MIN,23.0,44,43,1263.0,191,379,0.504,54,150,0.36,27,35,0.771,34,81,115,58,38,23,55,135,463
204456,2023-24,00,1610612754,IND,31.0,44,4,764.0,162,300,0.54,3,19,0.158,36,47,0.766,22,94,116,242,45,4,67,47,363
203468,2023-24,00,1610612740,NOP,32.0,40,40,1281.0,272,592,0.459,136,321,0.424,74,94,0.787,23,150,173,184,45,31,66,86,754
1630540,2023-24,00,1610612752,NYK,23.0,41,3,491.0,88,197,0.447,46,112,0.411,18,22,0.818,10,28,38,41,22,3,15,46,240
1630219,2023-24,00,1610612757,POR,26.0,21,5,356.0,53,138,0.384,14,49,0.286,13,17,0.765,9,28,37,75,14,3,18,20,133
1630219,2023-24,00,1610612747,LAL,26.0,7,0,54.0,7,16,0.438,2,5,0.4,0,0,0.0,1,3,4,8,3,1,1,4,16
1630219,2023-24,00,0,TOT,26.0,28,5,410.0,60,154,0.39,16,54,0.296,13,17,0.765,10,31,41,83,17,4,19,24,149
1630178,2023-24,00,1610612755,PHI,23.0,48,48,1785.0,426,952,0.447,147,387,0.38,230,270,0.852,26,147,173,308,47,25,79,106,1229
202083,2023-24,00,1610612737,ATL,37.0,21,1,232.0,13,46,0.283,9,36,0.25,14,19,0.737,4,24,28,13,10,4,6,28,49
1631097,2023-24,00,1610612754,IND,21.0,52,15,1325.0,256,569,0.45,64,175,0.366,156,189,0.825,51,148,199,98,28,11,86,96,732
1629726,2023-24,00,1610612737,ATL,27.0,38,4,474.0,45,96,0.469,40,88,0.455,10,15,0.667,9,38,47,18,9,4,15,62,140
1630231,2023-24,00,1610612746,LAC,23.0,2,0,31.0,4,10,0.4,1,5,0.2,1,2,0.5,1,2,3,1,2,1,2,3,10
1630231,2023-24,00,1610612755,PHI,23.0,37,1,386.0,51,91,0.56,3,13,0.231,13,26,0.5,13,43,56,24,13,3,17,54,118
1630231,2023-24,00,0,TOT,23.0,39,1,418.0,55,101,0.545,4,18,0.222,14,28,0.5,14,45,59,25,15,4,19,57,128
1628998,2023-24,00,1610612766,CHA,28.0,21,15,550.0,63,163,0.387,22,64,0.344,15,28,0.536,14,62,76,71,22,12,34,37,163
1628997,2023-24,00,1610612748,MIA,28.0,37,16,984.0,144,317,0.454,42,116,0.362,43,57,0.754,46,124,170,78,27,11,42,76,373
1630230,2023-24,00,1610612740,NOP,26.0,43,1,791.0,110,244,0.451,36,95,0.379,61,77,0.792,43,109,152,84,28,7,45,65,317
1628374,2023-24,00,1610612762,UTA,26.0,44,44,1440.0,353,705,0.501,143,352,0.406,190,215,0.884,100,272,372,83,39,21,57,85,1039
1626246,2023-24,00,1610612745,HOU,35.0,9,0,48.0,10,21,0.476,0,2,0.0,3,6,0.5,6,16,22,4,0,1,2,4,23
1630544,2023-24,00,1610612760,OKC,23.0,13,0,119.0,20,40,0.5,8,19,0.421,1,1,1.0,4,20,24,20,3,0,9,3,49
1630544,2023-24,00,1610612766,CHA,23.0,2,2,61.0,9,22,0.409,2,8,0.25,0,0,0.0,2,11,13,16,2,0,6,2,20
1630544,2023-24,00,0,TOT,23.0,15,2,181.0,29,62,0.468,10,27,0.37,1,1,1.0,6,31,37,36,5,0,15,5,69
1629611,2023-24,00,1610612746,LAC,27.0,46,42,1144.0,131,283,0.463,39,127,0.307,39,50,0.78,53,90,143,79,26,11,28,85,340
1630572,2023-24,00,1610612759,SAS,24.0,29,0,191.0,27,64,0.422,8,34,0.235,12,17,0.706,17,35,52,27,4,8,8,20,74
1630177,2023-24,00,1610612766,CHA,22.0,13,1,200.0,19,66,0.288,5,30,0.167,11,12,0.917,4,19,23,28,7,0,15,18,54
1630177,2023-24,00,1610612756,PHX,22.0,1,0,1.0,0,1,0.0,0,0,0.0,0,0,0.0,0,0,0,0,0,0,0,0,0
1630177,2023-24,00,0,TOT,22.0,14,1,201.0,19,67,0.284,5,30,0.167,11,12,0.917,4,19,23,28,7,0,15,18,54
1626168,2023-24,00,1610612758,SAC,28.0,38,0,770.0,98,211,0.464,64,155,0.413,32,47,0.681,36,136,172,47,12,11,24,57,292
1641754,2023-24,00,1610612737,ATL,23.0,9,0,52.0,4,17,0.235,3,13,0.231,3,4,0.75,1,6,7,0,0,0,1,6,14
200768,2023-24,00,1610612748,MIA,37.0,37,35,1037.0,103,242,0.426,62,161,0.385,35,42,0.833,25,104,129,147,39,15,53,94,303
201567,2023-24,00,1610612748,MIA,35.0,43,5,764.0,124,282,0.44,69,198,0.348,76,98,0.776,45,224,269,100,16,7,35,76,393
201577,2023-24,00,1610612749,MIL,35.0,16,2,65.0,7,19,0.368,2,8,0.25,2,2,1.0,3,2,5,4,1,3,2,7,18
201572,2023-24,00,1610612749,MIL,35.0,52,52,1636.0,255,524,0.487,92,266,0.346,74,89,0.831,80,204,284,85,31,141,49,134,676
1626172,2023-24,00,1610612744,GSW,28.0,51,36,935.0,108,177,0.61,0,1,0.0,41,60,0.683,118,214,332,110,23,18,39,120,257
1631254,2023-24,00,1610612763,MEM,21.0,15,0,99.0,14,37,0.378,3,10,0.3,8,15,0.533,2,13,15,14,3,3,6,15,39
1631254,2023-24,00,1610612755,PHI,21.0,2,0,9.0,1,6,0.167,0,2,0.0,0,0,0.0,0,3,3,0,0,0,2,0,2
1631254,2023-24,00,0,TOT,21.0,17,0,108.0,15,43,0.349,3,12,0.25,8,15,0.533,2,16,18,14,3,3,8,15,41
1641753,2023-24,00,1610612749,MIL,20.0,15,0,62.0,7,14,0.5,1,1,1.0,2,2,1.0,2,12,14,4,2,0,3,7,17
1630587,2023-24,00,1610612765,DET,25.0,23,6,469.0,40,116,0.345,22,77,0.286,12,18,0.667,15,33,48,25,13,5,16,43,114
1641726,2023-24,00,1610612742,DAL,20.0,36,35,935.0,150,203,0.739,0,2,0.0,31,57,0.544,104,180,284,47,23,50,42,111,331
1629642,2023-24,00,1610612756,PHX,24.0,31,2,409.0,48,102,0.471,18,58,0.31,17,20,0.85,14,53,67,19,10,10,13,35,131
203081,2023-24,00,1610612749,MIL,33.0,50,50,1747.0,368,866,0.425,145,421,0.344,351,380,0.924,27,179,206,336,52,10,125,84,1232
1630604,2023-24,00,1610612740,NOP,23.0,8,0,23.0,1,6,0.167,0,5,0.0,2,2,1.0,0,5,5,1,2,2,2,2,4
1630184,2023-24,00,1610612740,NOP,22.0,15,0,144.0,16,52,0.308,2,20,0.1,10,11,0.909,4,10,14,18,5,1,8,8,44
1630184,2023-24,00,1610612761,TOR,22.0,1,0,2.0,0,0,0.0,0,0,0.0,0,0,0.0,0,0,0,0,0,0,0,1,0
1630184,2023-24,00,1610612762,UTA,22.0,1,0,2.0,0,0,0.0,0,0,0.0,0,0,0.0,0,0,0,0,0,0,0,0,0
1630184,2023-24,00,0,TOT,22.0,17,0,147.0,16,52,0.308,2,20,0.1,10,11,0.909,4,10,14,18,5,1,8,9,44
1641721,2023-24,00,1610612747,LAL,21.0,19,0,69.0,3,12,0.25,1,3,0.333,0,0,0.0,1,2,3,3,2,0,5,3,7
202695,2023-24,00,1610612746,LAC,32.0,48,48,1647.0,432,820,0.527,112,247,0.453,180,202,0.891,58,238,296,178,80,42,78,73,1156
203458,2023-24,00,1610612758,SAC,30.0,21,0,177.0,22,35,0.629,0,3,0.0,7,15,0.467,26,36,62,22,6,8,13,24,51
1630240,2023-24,00,1610612756,PHX,24.0,12,0,76.0,9,22,0.409,0,5,0.0,13,17,0.765,5,7,12,12,3,3,5,6,31
1627747,2023-24,00,1610612739,CLE,29.0,42,1,1157.0,225,528,0.426,73,217,0.336,92,123,0.748,22,128,150,181,41,17,63,72,615
1630639,2023-24,00,1610612742,DAL,23.0,26,0,225.0,39,83,0.47,13,40,0.325,12,19,0.632,11,19,30,13,9,3,10,19,103
1629111,2023-24,00,1610612745,HOU,28.0,29,0,269.0,26,69,0.377,2,18,0.111,13,17,0.765,37,28,65,18,7,11,12,27,67
203897,2023-24,00,1610612741,CHI,28.0,25,23,872.0,170,376,0.452,59,169,0.349,88,103,0.854,8,121,129,98,21,8,52,57,487
1631222,2023-24,00,1610612763,MEM,22.0,11,0,122.0,16,43,0.372,5,24,0.208,3,4,0.75,7,9,16,6,1,1,4,19,40
1628398,2023-24,00,1610612764,WAS,28.0,52,52,1649.0,445,976,0.456,117,356,0.329,129,161,0.801,49,281,330,216,23,36,137,115,1136
1630228,2023-24,00,1610612744,GSW,21.0,50,24,1271.0,295,554,0.532,39,122,0.32,150,207,0.725,61,169,230,89,34,21,81,111,779
1628436,2023-24,00,1610612738,BOS,28.0,38,2,563.0,78,114,0.684,0,0,0.0,29,33,0.879,69,78,147,31,14,37,17,54,185
1627788,2023-24,00,1610612755,PHI,26.0,35,0,300.0,30,76,0.395,14,40,0.35,14,20,0.7,4,26,30,25,14,3,10,17,88
1629723,2023-24,00,1610612763,MEM,27.0,43,14,835.0,64,154,0.416,24,87,0.276,11,14,0.786,51,135,186,76,35,39,27,53,163
1628995,2023-24,00,1610612765,DET,24.0,31,11,560.0,86,186,0.462,31,94,0.33,20,22,0.909,18,57,75,23,13,7,22,50,223
1628467,2023-24,00,1610612742,DAL,32.0,19,7,411.0,38,82,0.463,17,48,0.354,15,23,0.652,16,53,69,35,7,15,19,40,108
1630557,2023-24,00,1610612764,WAS,24.0,52,1,1159.0,222,461,0.482,102,286,0.357,70,90,0.778,17,110,127,80,19,8,53,81,616
1630296,2023-24,00,1610612743,DEN,26.0,15,0,51.0,6,15,0.4,1,4,0.25,4,6,0.667,3,9,12,8,2,0,1,5,17
1631117,2023-24,00,1610612762,UTA,22.0,46,15,1070.0,173,261,0.663,4,16,0.25,40,73,0.548,116,230,346,39,23,128,46,98,390
1628379,2023-24,00,1610612763,MEM,27.0,26,10,638.0,91,209,0.435,71,159,0.447,21,24,0.875,9,68,77,79,11,1,27,28,274
1630548,2023-24,00,1610612762,UTA,22.0,2,0,6.0,0,3,0.0,0,3,0.0,0,0,0.0,0,0,0,1,0,0,0,0,0
1631107,2023-24,00,1610612748,MIA,20.0,21,13,350.0,45,105,0.429,24,53,0.453,14,24,0.583,17,72,89,39,7,7,19,38,128
202709,2023-24,00,1610612744,GSW,32.0,26,0,296.0,23,64,0.359,13,42,0.31,4,7,0.571,6,24,30,42,4,3,12,25,63
201599,2023-24,00,1610612743,DEN,35.0,29,1,327.0,48,76,0.632,0,0,0.0,22,49,0.449,48,84,132,20,5,13,19,48,118
1627884,2023-24,00,1610612742,DAL,26.0,49,47,1246.0,175,358,0.489,61,178,0.343,67,90,0.744,56,124,180,51,40,36,46,90,478
1626145,2023-24,00,1610612764,WAS,27.0,53,53,1525.0,278,559,0.497,83,198,0.419,28,36,0.778,15,134,149,353,61,16,49,42,667
1630200,2023-24,00,1610612759,SAS,24.0,49,20,1280.0,187,374,0.5,32,111,0.288,71,81,0.877,34,122,156,286,50,6,70,60,477
1630529,2023-24,00,1610612740,NOP,25.0,49,49,1407.0,194,388,0.5,72,175,0.411,84,98,0.857,58,121,179,121,60,41,60,137,544
1627745,2023-24,00,1610612739,CLE,28.0,25,0,150.0,17,32,0.531,2,7,0.286,10,11,0.909,9,24,33,12,3,10,9,16,46
1641732,2023-24,00,1610612758,SAC,21.0,17,0,121.0,17,46,0.37,1,13,0.077,2,5,0.4,10,15,25,10,4,1,5,16,37
203999,2023-24,00,1610612743,DEN,28.0,52,52,1754.0,535,920,0.582,56,153,0.366,241,296,0.814,157,475,632,466,61,48,156,130,1367
1641749,2023-24,00,1610612760,OKC,23.0,7,0,57.0,4,12,0.333,1,2,0.5,0,0,0.0,3,3,6,4,0,0,4,4,9
1630553,2023-24,00,1610612751,BKN,21.0,2,0,35.0,4,11,0.364,3,5,0.6,4,4,1.0,2,1,3,1,3,1,2,3,15
1629640,2023-24,00,1610612759,SAS,24.0,50,26,1506.0,298,657,0.454,86,256,0.336,135,173,0.78,71,218,289,155,44,17,78,116,817
1630552,2023-24,00,1610612737,ATL,22.0,40,37,1356.0,248,472,0.525,48,133,0.361,80,107,0.748,49,291,340,136,51,33,70,106,624
1629661,2023-24,00,1610612751,BKN,27.0,40,40,1138.0,206,450,0.458,99,247,0.401,46,62,0.742,44,145,189,105,32,10,39,76,557
1630198,2023-24,00,1610612760,OKC,24.0,50,0,929.0,146,314,0.465,99,232,0.427,33,39,0.846,20,97,117,56,30,13,30,59,424
1629660,2023-24,00,1610612739,CLE,26.0,2,0,15.0,2,4,0.5,0,1,0.0,0,0,0.0,1,0,1,3,0,0,1,2,4
1629610,2023-24,00,1610612752,NYK,26.0,10,0,30.0,5,12,0.417,1,5,0.2,0,2,0.0,0,5,5,2,0,0,1,2,11
1631170,2023-24,00,1610612748,MIA,22.0,48,16,1412.0,238,484,0.492,45,138,0.326,97,119,0.815,58,125,183,124,50,11,82,115,618
2544,2023-24,00,1610612747,LAL,39.0,49,49,1711.0,456,877,0.52,104,263,0.395,200,270,0.741,43,308,351,380,62,29,159,57,1216
1631218,2023-24,00,1610612744,GSW,23.0,39,3,506.0,106,154,0.688,0,0,0.0,41,70,0.586,62,96,158,35,12,31,26,60,253
1628991,2023-24,00,1610612763,MEM,24.0,50,50,1596.0,386,863,0.447,91,283,0.322,254,308,0.825,59,215,274,106,51,78,117,177,1117
1641748,2023-24,00,1610612749,MIL,22.0,44,8,494.0,45,85,0.529,15,40,0.375,8,11,0.727,36,56,92,43,13,4,21,80,113
202704,2023-24,00,1610612743,DEN,33.0,54,14,1243.0,232,508,0.457,70,187,0.374,52,67,0.776,21,91,112,210,31,9,71,99,586
1630543,2023-24,00,1610612754,IND,22.0,42,2,558.0,113,171,0.661,0,3,0.0,54,76,0.711,62,108,170,38,27,46,30,110,280
1641713,2023-24,00,1610612763,MEM,19.0,21,1,393.0,73,168,0.435,33,87,0.379,34,49,0.694,20,51,71,18,12,12,17,22,213
1631093,2023-24,00,1610612765,DET,22.0,49,33,1369.0,270,589,0.458,78,212,0.368,143,197,0.726,65,122,187,182,35,29,121,140,761
1628371,2023-24,00,1610612753,ORL,26.0,36,1,534.0,79,170,0.465,18,64,0.281,43,58,0.741,42,108,150,15,27,42,18,43,219
202681,2023-24,00,1610612742,DAL,31.0,32,32,1086.0,303,626,0.484,92,223,0.413,108,123,0.878,24,138,162,174,41,15,53,63,806
1627742,2023-24,00,1610612740,NOP,26.0,50,50,1666.0,404,823,0.491,70,196,0.357,197,247,0.798,36,215,251,290,39,30,127,113,1075
204060,2023-24,00,1610612753,ORL,36.0,40,0,691.0,64,157,0.408,43,107,0.402,17,20,0.85,15,80,95,121,25,3,37,60,188
1630538,2023-24,00,1610612746,LAC,23.0,19,2,251.0,44,120,0.367,20,64,0.313,10,12,0.833,3,14,17,33,10,1,23,27,118
1629631,2023-24,00,1610612737,ATL,26.0,30,24,853.0,148,316,0.468,59,141,0.418,86,97,0.887,19,97,116,40,23,11,45,84,441
1630643,2023-24,00,1610612743,DEN,26.0,8,0,22.0,4,7,0.571,2,5,0.4,0,0,0.0,0,3,3,1,1,0,1,5,10
1628989,2023-24,00,1610612758,SAC,25.0,51,46,1272.0,208,460,0.452,104,282,0.369,34,43,0.791,31,153,184,133,35,19,40,110,554
1641724,2023-24,00,1610612753,ORL,20.0,12,0,44.0,8,21,0.381,5,16,0.313,2,4,0.5,1,4,5,3,0,1,2,2,23
1631216,2023-24,00,1610612753,ORL,21.0,39,7,571.0,58,151,0.384,51,141,0.362,17,22,0.773,21,41,62,24,10,1,13,44,184
1627863,2023-24,00,1610612755,PHI,30.0,34,4,509.0,47,105,0.448,15,50,0.3,35,46,0.761,16,42,58,28,15,5,19,45,144
1629659,2023-24,00,1610612762,UTA,23.0,34,11,705.0,133,324,0.41,39,119,0.328,59,76,0.776,16,70,86,136,35,11,53,66,364
201143,2023-24,00,1610612738,BOS,37.0,45,22,1224.0,134,277,0.484,74,181,0.409,17,20,0.85,56,246,302,129,25,46,33,67,359
1641720,2023-24,00,1610612747,LAL,20.0,17,0,96.0,9,38,0.237,1,11,0.091,10,16,0.625,2,9,11,8,3,2,8,11,29
1631096,2023-24,00,1610612760,OKC,21.0,54,54,1624.0,340,635,0.535,90,229,0.393,133,172,0.773,84,325,409,144,38,143,88,137,903
1626158,2023-24,00,1610612742,DAL,30.0,23,2,237.0,33,59,0.559,0,0,0.0,12,21,0.571,33,45,78,15,3,9,12,33,78
1626158,2023-24,00,1610612764,WAS,30.0,1,0,13.0,5,7,0.714,0,0,0.0,0,0,0.0,1,1,2,0,0,1,0,3,10
1626158,2023-24,00,0,TOT,30.0,24,2,249.0,38,66,0.576,0,0,0.0,12,21,0.571,34,46,80,15,3,10,12,36,88
203200,2023-24,00,1610612743,DEN,34.0,31,8,439.0,43,93,0.462,26,66,0.394,1,2,0.5,5,32,37,30,19,2,7,42,113
201950,2023-24,00,1610612738,BOS,33.0,49,49,1641.0,248,523,0.474,102,232,0.44,55,66,0.833,66,223,289,234,40,35,93,83,653
1628988,2023-24,00,1610612745,HOU,27.0,50,1,882.0,127,277,0.458,60,151,0.397,37,42,0.881,13,80,93,95,27,4,38,80,351
1641793,2023-24,00,1610612747,LAL,25.0,7,0,41.0,5,15,0.333,3,12,0.25,1,2,0.5,0,0,0,5,1,1,1,4,14
1630207,2023-24,00,1610612745,HOU,24.0,10,0,43.0,7,15,0.467,5,8,0.625,2,2,1.0,2,7,9,4,1,1,2,8,21
1629312,2023-24,00,1610612748,MIA,27.0,39,24,811.0,80,189,0.423,40,110,0.364,19,24,0.792,32,79,111,41,37,19,24,79,219
1627741,2023-24,00,1610612754,IND,31.0,52,28,1336.0,229,517,0.443,137,357,0.384,28,33,0.848,34,133,167,139,43,31,62,103,623
1627741,2023-24,00,1610612755,PHI,31.0,3,3,111.0,26,50,0.52,13,29,0.448,2,3,0.667,2,11,13,20,5,0,7,12,67
1627741,2023-24,00,0,TOT,31.0,55,31,1447.0,255,567,0.45,150,386,0.389,30,36,0.833,36,144,180,159,48,31,69,115,690
1629639,2023-24,00,1610612748,MIA,24.0,34,34,1141.0,267,611,0.437,113,280,0.404,64,76,0.842,17,161,178,148,29,2,73,48,711
1641707,2023-24,00,1610612762,UTA,20.0,15,0,218.0,24,65,0.369,13,39,0.333,6,8,0.75,13,28,41,7,9,9,13,17,67
1630703,2023-24,00,1610612757,POR,20.0,42,15,1128.0,185,494,0.374,52,164,0.317,116,142,0.817,38,88,126,198,23,10,124,128,538
202330,2023-24,00,1610612766,CHA,33.0,25,25,798.0,139,297,0.468,22,61,0.361,62,81,0.765,25,92,117,116,28,12,51,46,362
1630165,2023-24,00,1610612765,DET,22.0,42,31,1008.0,117,283,0.413,22,74,0.297,33,50,0.66,11,108,119,205,36,20,51,75,289
1629637,2023-24,00,1610612747,LAL,23.0,44,3,484.0,66,95,0.695,0,6,0.0,27,43,0.628,33,70,103,20,21,18,22,73,159
1641722,2023-24,00,1610612740,NOP,21.0,48,10,969.0,152,379,0.401,94,247,0.381,61,72,0.847,26,102,128,61,17,4,36,60,459
1630573,2023-24,00,1610612738,BOS,26.0,53,5,1133.0,146,332,0.44,117,286,0.409,15,17,0.882,34,142,176,50,21,13,26,70,424
1628392,2023-24,00,1610612752,NYK,25.0,50,24,1280.0,143,231,0.619,1,3,0.333,70,99,0.707,171,263,434,101,58,55,59,145,357
1628404,2023-24,00,1610612752,NYK,28.0,53,14,1583.0,161,377,0.427,49,156,0.314,47,56,0.839,70,309,379,172,41,14,67,102,418
202699,2023-24,00,1610612755,PHI,31.0,48,48,1630.0,324,639,0.507,56,162,0.346,147,164,0.896,51,238,289,161,47,26,70,80,851
1630284,2023-24,00,1610612753,ORL,26.0,1,0,3.0,0,0,0.0,0,0,0.0,0,0,0.0,0,1,1,0,0,0,1,1,0
203925,2023-24,00,1610612765,DET,32.0,16,0,170.0,14,39,0.359,10,30,0.333,1,2,0.5,3,10,13,10,3,2,4,19,39
203914,2023-24,00,1610612753,ORL,29.0,33,6,743.0,79,183,0.432,41,124,0.331,25,32,0.781,18,36,54,58,27,10,18,57,224
1631199,2023-24,00,1610612761,TOR,23.0,1,0,4.0,0,0,0.0,0,0,0.0,0,0,0.0,0,0,0,1,0,0,0,2,0
1630702,2023-24,00,1610612742,DAL,21.0,49,6,763.0,146,360,0.406,68,184,0.37,38,53,0.717,15,84,99,83,17,3,39,57,398
201935,2023-24,00,1610612746,LAC,34.0,47,47,1621.0,240,537,0.447,132,314,0.42,200,229,0.873,18,218,236,396,57,43,121,95,812
203501,2023-24,00,1610612742,DAL,31.0,51,10,1521.0,304,734,0.414,162,445,0.364,121,138,0.877,17,168,185,85,26,3,47,79,891
1630181,2023-24,00,1610612748,MIA,23.0,8,2,76.0,4,14,0.286,1,8,0.125,1,2,0.5,2,4,6,8,0,0,3,8,10
1630169,2023-24,00,1610612754,IND,23.0,42,41,1341.0,329,668,0.493,131,331,0.396,129,151,0.854,26,138,164,490,42,30,101,42,918
1629060,2023-24,00,1610612747,LAL,26.0,41,12,985.0,179,354,0.506,46,122,0.377,63,87,0.724,33,121,154,45,28,11,30,57,467
1631243,2023-24,00,1610612737,ATL,21.0,2,0,4.0,0,1,0.0,0,1,0.0,0,0,0.0,0,0,0,0,1,0,0,1,0
1629656,2023-24,00,1610612752,NYK,23.0,45,18,910.0,113,286,0.395,77,212,0.363,24,34,0.706,14,74,88,52,30,3,21,66,327
1631100,2023-24,00,1610612737,ATL,20.0,18,0,133.0,13,45,0.289,9,33,0.273,2,2,1.0,2,12,14,4,1,1,6,6,37
1630182,2023-24,00,1610612742,DAL,23.0,41,24,1130.0,140,287,0.488,59,146,0.404,33,50,0.66,25,110,135,105,32,7,45,83,372
201145,2023-24,00,1610612745,HOU,37.0,51,5,865.0,103,213,0.484,22,74,0.297,91,111,0.82,30,82,112,42,9,23,38,77,319
1630224,2023-24,00,1610612745,HOU,22.0,53,53,1630.0,333,808,0.412,108,348,0.31,194,242,0.802,22,236,258,179,38,16,118,68,968
203110,2023-24,00,1610612744,GSW,33.0,27,24,721.0,94,184,0.511,28,69,0.406,33,42,0.786,36,142,178,168,19,24,69,85,249
201980,2023-24,00,1610612755,PHI,36.0,2,0,18.0,0,2,0.0,0,1,0.0,0,0,0.0,0,2,2,1,1,0,0,1,0
1631260,2023-24,00,1610612749,MIL,24.0,35,0,321.0,50,117,0.427,42,102,0.412,8,8,1.0,6,31,37,20,2,2,3,32,150
203924,2023-24,00,1610612757,POR,29.0,46,46,1564.0,339,742,0.457,96,239,0.402,225,278,0.809,34,138,172,125,32,32,95,104,999
1628984,2023-24,00,1610612759,SAS,28.0,11,0,94.0,11,29,0.379,7,21,0.333,6,8,0.75,2,13,15,19,3,1,3,4,35
201569,2023-24,00,1610612756,PHX,35.0,46,21,1370.0,212,461,0.46,114,293,0.389,39,48,0.813,13,86,99,104,42,22,57,58,577
203932,2023-24,00,1610612743,DEN,28.0,48,48,1522.0,258,473,0.545,28,90,0.311,108,173,0.624,120,192,312,148,37,34,64,90,652
1630692,2023-24,00,1610612756,PHX,25.0,40,0,559.0,75,193,0.389,23,80,0.288,25,29,0.862,40,77,117,78,23,9,29,43,198
203497,2023-24,00,1610612750,MIN,31.0,53,53,1775.0,276,425,0.649,0,2,0.0,179,278,0.644,189,475,664,64,33,109,80,158,731
1631367,2023-24,00,1610612763,MEM,25.0,36,14,639.0,60,141,0.426,51,119,0.429,2,2,1.0,8,34,42,126,26,5,28,35,173
1631221,2023-24,00,1610612743,DEN,24.0,17,0,119.0,15,31,0.484,6,18,0.333,5,7,0.714,1,6,7,11,7,0,8,13,41
1630264,2023-24,00,1610612764,WAS,31.0,29,0,163.0,23,47,0.489,3,12,0.25,12,16,0.75,13,24,37,11,6,6,15,12,61
1628983,2023-24,00,1610612760,OKC,25.0,53,53,1831.0,580,1063,0.546,65,175,0.371,424,480,0.883,48,245,293,346,115,47,114,134,1649
1628385,2023-24,00,1610612751,BKN,25.0,16,0,81.0,22,44,0.5,3,11,0.273,7,13,0.538,12,14,26,6,1,3,6,15,54
1630581,2023-24,00,1610612760,OKC,21.0,53,53,1321.0,246,550,0.447,51,157,0.325,64,77,0.831,72,252,324,239,34,27,104,66,607
202331,2023-24,00,1610612746,LAC,33.0,49,49,1652.0,386,844,0.457,162,408,0.397,165,181,0.912,27,234,261,176,80,19,99,140,1099
1641718,2023-24,00,1610612762,UTA,20.0,48,17,1173.0,170,445,0.382,82,249,0.329,115,140,0.821,14,120,134,202,20,4,95,49,537
1629232,2023-24,00,1610612740,NOP,27.0,1,0,7.0,0,4,0.0,0,2,0.0,0,0,0.0,0,1,1,0,0,0,0,0,0
1630568,2023-24,00,1610612750,MIN,25.0,13,0,39.0,11,25,0.44,3,9,0.333,8,12,0.667,6,5,11,2,0,0,2,11,33
1630586,2023-24,00,1610612744,GSW,21.0,2,0,6.0,0,1,0.0,0,0,0.0,0,0,0.0,0,0,0,1,1,0,0,1,0
1629636,2023-24,00,1610612739,CLE,24.0,28,28,892.0,190,402,0.473,46,140,0.329,90,105,0.857,14,51,65,165,39,4,92,37,516
201568,2023-24,00,1610612764,WAS,35.0,26,0,385.0,57,131,0.435,20,64,0.313,47,56,0.839,12,64,76,31,6,3,12,26,181
201568,2023-24,00,1610612765,DET,35.0,6,0,90.0,12,22,0.545,7,12,0.583,21,24,0.875,2,12,14,12,2,2,1,9,52
201568,2023-24,00,0,TOT,35.0,32,0,475.0,69,153,0.451,27,76,0.355,68,80,0.85,14,76,90,43,8,5,13,35,233
1629655,2023-24,00,1610612764,WAS,25.0,45,45,1192.0,203,294,0.69,0,0,0.0,84,119,0.706,131,230,361,69,44,97,46,147,490
1629655,2023-24,00,1610612742,DAL,25.0,2,1,41.0,14,24,0.583,0,0,0.0,7,9,0.778,11,15,26,2,2,6,2,2,35
1629655,2023-24,00,0,TOT,25.0,47,46,1233.0,217,318,0.682,0,0,0.0,91,128,0.711,142,245,387,71,46,103,48,149,525
1628365,2023-24,00,1610612753,ORL,25.0,21,15,504.0,83,169,0.491,1,7,0.143,9,16,0.563,29,45,74,77,28,7,24,35,176
1641788,2023-24,00,1610612747,LAL,20.0,4,0,14.0,1,6,0.167,0,2,0.0,2,2,1.0,2,0,2,0,0,0,1,1,4
1631241,2023-24,00,1610612761,TOR,24.0,2,0,4.0,1,3,0.333,0,0,0.0,0,0,0.0,1,0,1,0,0,0,0,0,2
1628368,2023-24,00,1610612758,SAC,26.0,47,47,1666.0,449,967,0.464,139,368,0.378,217,307,0.707,40,149,189,256,88,19,122,124,1254
203095,2023-24,00,1610612752,NYK,31.0,3,0,39.0,4,20,0.2,2,15,0.133,2,2,1.0,0,4,4,3,4,0,1,4,12
203095,2023-24,00,1610612765,DET,31.0,1,0,25.0,4,9,0.444,2,5,0.4,3,4,0.75,1,3,4,1,2,0,2,3,13
203095,2023-24,00,0,TOT,31.0,4,0,63.0,8,29,0.276,4,20,0.2,5,6,0.833,1,7,8,4,6,0,3,7,25
1630235,2023-24,00,1610612737,ATL,25.0,20,0,210.0,15,47,0.319,2,7,0.286,8,10,0.8,5,21,26,42,7,1,11,18,40
1630259,2023-24,00,1610612758,SAC,25.0,6,0,22.0,4,7,0.571,2,3,0.667,2,2,1.0,0,2,2,2,0,0,1,0,12
1631323,2023-24,00,1610612762,UTA,28.0,50,34,1160.0,161,358,0.45,91,233,0.391,32,40,0.8,52,124,176,73,30,18,51,81,445
1631323,2023-24,00,1610612765,DET,28.0,2,1,58.0,11,25,0.44,5,13,0.385,1,3,0.333,3,10,13,5,1,0,1,2,28
1631323,2023-24,00,0,TOT,28.0,52,35,1218.0,172,383,0.449,96,246,0.39,33,43,0.767,55,134,189,78,31,18,52,83,473
1630201,2023-24,00,1610612761,TOR,25.0,31,0,474.0,56,137,0.409,28,80,0.35,17,22,0.773,13,52,65,73,18,6,33,42,157
1630201,2023-24,00,1610612752,NYK,25.0,14,0,61.0,9,23,0.391,4,13,0.308,9,11,0.818,0,6,6,6,1,0,3,3,31
1630201,2023-24,00,1610612765,DET,25.0,1,0,2.0,0,0,0.0,0,0,0.0,0,0,0.0,0,1,1,0,0,0,0,0,0
1630201,2023-24,00,0,TOT,25.0,46,0,537.0,65,160,0.406,32,93,0.344,26,33,0.788,13,59,72,79,19,6,36,45,188
1627827,2023-24,00,1610612751,BKN,30.0,44,33,1250.0,142,346,0.41,89,235,0.379,15,24,0.625,73,134,207,64,33,28,34,101,388
1628981,2023-24,00,1610612737,ATL,25.0,17,0,136.0,25,46,0.543,0,3,0.0,16,28,0.571,13,31,44,6,2,9,8,21,66
203957,2023-24,00,1610612742,DAL,28.0,32,14,631.0,116,203,0.571,31,65,0.477,32,44,0.727,18,71,89,91,18,5,27,51,295
1629234,2023-24,00,1610612756,PHX,27.0,48,3,766.0,109,171,0.637,3,3,1.0,50,68,0.735,62,141,203,46,17,39,45,79,271
203954,2023-24,00,1610612755,PHI,29.0,34,34,1157.0,402,754,0.533,41,112,0.366,356,403,0.883,89,295,384,193,39,60,126,98,1201
1631165,2023-24,00,1610612758,SAC,24.0,32,3,375.0,38,88,0.432,27,72,0.375,11,17,0.647,9,32,41,38,14,13,17,46,114
1630556,2023-24,00,1610612758,SAC,23.0,36,0,178.0,21,51,0.412,12,33,0.364,3,4,0.75,5,23,28,9,4,4,1,17,57
1630162,2023-24,00,1610612750,MIN,22.0,51,51,1786.0,461,984,0.468,131,340,0.385,278,331,0.84,29,237,266,266,61,25,168,101,1331
1631106,2023-24,00,1610612745,HOU,22.0,22,0,480.0,88,189,0.466,18,50,0.36,21,33,0.636,46,107,153,27,31,19,20,51,215
1631105,2023-24,00,1610612765,DET,20.0,38,37,1149.0,236,371,0.636,0,3,0.0,66,89,0.742,128,330,458,93,15,31,74,124,538
201142,2023-24,00,1610612756,PHX,35.0,47,47,1745.0,483,899,0.537,107,241,0.444,255,294,0.867,25,287,312,266,44,60,150,85,1328
1627739,2023-24,00,1610612762,UTA,29.0,46,27,825.0,99,213,0.465,29,72,0.403,13,20,0.65,33,100,133,195,47,22,58,85,240
1630537,2023-24,00,1610612758,SAC,26.0,36,11,464.0,46,127,0.362,22,69,0.319,20,26,0.769,14,51,65,32,18,2,20,61,134
203083,2023-24,00,1610612741,CHI,30.0,54,8,891.0,178,318,0.56,0,3,0.0,78,142,0.549,181,279,460,28,59,34,57,94,434
1630245,2023-24,00,1610612741,CHI,24.0,52,13,1316.0,205,404,0.507,69,168,0.411,46,60,0.767,32,97,129,120,41,25,55,107,525
1629652,2023-24,00,1610612760,OKC,24.0,52,52,1481.0,186,424,0.439,98,251,0.39,83,102,0.814,58,142,200,71,45,37,49,156,553
1629029,2023-24,00,1610612742,DAL,24.0,46,46,1729.0,531,1082,0.491,180,475,0.379,337,435,0.775,35,371,406,440,66,28,181,91,1579
203915,2023-24,00,1610612751,BKN,30.0,48,48,1474.0,195,499,0.391,89,278,0.32,125,160,0.781,26,132,158,288,38,9,62,86,604
203915,2023-24,00,1610612747,LAL,30.0,1,0,31.0,2,6,0.333,1,5,0.2,1,1,1.0,0,2,2,7,2,0,4,2,6
203915,2023-24,00,0,TOT,30.0,49,48,1505.0,197,505,0.39,90,283,0.318,126,161,0.783,26,134,160,295,40,9,66,88,610
1631172,2023-24,00,1610612760,OKC,20.0,29,0,326.0,43,101,0.426,20,64,0.313,14,16,0.875,10,39,49,31,5,3,16,19,120
1641711,2023-24,00,1610612761,TOR,20.0,33,1,499.0,61,152,0.401,34,94,0.362,23,25,0.92,14,41,55,38,17,0,21,45,179
1631217,2023-24,00,1610612746,LAC,22.0,10,0,58.0,9,18,0.5,0,0,0.0,9,12,0.75,14,6,20,4,4,0,2,4,27
1628978,2023-24,00,1610612752,NYK,27.0,54,36,1348.0,261,570,0.458,164,395,0.415,51,70,0.729,40,137,177,133,63,18,63,105,737
1641926,2023-24,00,1610612742,DAL,25.0,4,0,30.0,10,19,0.526,1,8,0.125,1,3,0.333,1,8,9,4,0,1,3,1,22
201942,2023-24,00,1610612741,CHI,34.0,52,52,1955.0,406,864,0.47,49,146,0.336,317,372,0.852,31,183,214,272,61,33,80,112,1178
1631120,2023-24,00,1610612738,BOS,21.0,2,0,6.0,0,1,0.0,0,1,0.0,2,2,1.0,1,1,2,0,0,0,0,0,2
1631098,2023-24,00,1610612764,WAS,21.0,23,0,183.0,24,59,0.407,2,7,0.286,4,7,0.571,9,12,21,7,8,2,6,14,54
203076,2023-24,00,1610612747,LAL,30.0,51,51,1820.0,480,867,0.554,18,64,0.281,279,344,0.811,155,462,617,199,58,126,105,123,1257
1630700,2023-24,00,1610612740,NOP,20.0,52,15,1139.0,112,256,0.438,32,110,0.291,32,50,0.64,51,140,191,136,72,21,52,84,288
201939,2023-24,00,1610612744,GSW,35.0,48,48,1603.0,438,944,0.464,241,572,0.421,227,245,0.927,22,191,213,237,39,20,144,86,1344
203552,2023-24,00,1610612742,DAL,33.0,36,3,457.0,54,145,0.372,29,80,0.363,17,19,0.895,15,37,52,30,17,3,16,32,154
203552,2023-24,00,1610612766,CHA,33.0,2,0,39.0,8,14,0.571,3,8,0.375,2,2,1.0,1,3,4,3,3,1,1,0,21
203552,2023-24,00,0,TOT,33.0,38,3,496.0,62,159,0.39,32,88,0.364,19,21,0.905,16,40,56,33,20,4,17,32,175
1630595,2023-24,00,1610612765,DET,22.0,43,43,1470.0,356,798,0.446,75,223,0.336,165,191,0.864,17,158,175,320,40,14,152,116,952
203109,2023-24,00,1610612749,MIL,33.0,24,8,593.0,60,137,0.438,34,90,0.378,16,24,0.667,10,67,77,39,18,5,11,39,170
1628470,2023-24,00,1610612741,CHI,33.0,32,8,672.0,68,161,0.422,35,94,0.372,21,27,0.778,55,96,151,36,20,14,19,75,192
203496,2023-24,00,1610612746,LAC,33.0,3,3,69.0,3,9,0.333,2,8,0.25,1,2,0.5,2,6,8,7,6,2,0,7,9
203496,2023-24,00,1610612755,PHI,33.0,26,3,419.0,40,89,0.449,17,48,0.354,21,24,0.875,29,60,89,17,33,16,11,49,118
203496,2023-24,00,0,TOT,33.0,29,6,488.0,43,98,0.439,19,56,0.339,22,26,0.846,31,66,97,24,39,18,11,56,127
1641741,2023-24,00,1610612755,PHI,22.0,13,0,116.0,24,49,0.49,3,10,0.3,31,40,0.775,10,15,25,2,2,0,1,7,82
1641731,2023-24,00,1610612764,WAS,19.0,52,4,1399.0,155,350,0.443,53,144,0.368,73,104,0.702,47,167,214,91,44,41,75,110,436
1626192,2023-24,00,1610612749,MIL,31.0,49,2,1042.0,92,201,0.458,55,142,0.387,20,29,0.69,30,130,160,98,24,10,30,63,259
201144,2023-24,00,1610612750,MIN,36.0,49,49,1424.0,174,393,0.443,113,256,0.441,56,61,0.918,17,123,140,319,50,12,53,84,517
1628380,2023-24,00,1610612759,SAS,26.0,42,24,1019.0,186,389,0.478,36,131,0.275,79,101,0.782,73,152,225,129,22,28,87,138,487
1628381,2023-24,00,1610612762,UTA,26.0,50,48,1389.0,282,540,0.522,59,173,0.341,94,119,0.79,111,294,405,56,28,41,69,137,717
1629599,2023-24,00,1610612746,LAC,26.0,40,7,712.0,87,155,0.561,34,76,0.447,37,42,0.881,13,51,64,31,18,6,15,50,245
1641730,2023-24,00,1610612751,BKN,19.0,6,0,61.0,11,18,0.611,1,4,0.25,6,6,1.0,6,6,12,4,0,1,3,5,29
1629651,2023-24,00,1610612751,BKN,24.0,43,43,1273.0,232,370,0.627,1,4,0.25,65,114,0.57,126,314,440,80,28,100,50,111,530
203903,2023-24,00,1610612762,UTA,31.0,44,19,1321.0,273,658,0.415,74,248,0.298,144,164,0.878,42,107,149,209,25,6,119,61,764
1631321,2023-24,00,1610612759,SAS,19.0,5,0,32.0,1,6,0.167,0,4,0.0,4,4,1.0,0,6,6,0,3,0,1,2,6
1631108,2023-24,00,1610612747,LAL,21.0,43,7,740.0,78,185,0.422,32,90,0.356,29,37,0.784,10,103,113,43,16,14,31,53,217
1630577,2023-24,00,1610612759,SAS,22.0,47,32,778.0,88,222,0.396,59,160,0.369,37,45,0.822,25,90,115,51,27,26,31,50,272
1630608,2023-24,00,1610612765,DET,22.0,1,0,3.0,0,0,0.0,0,0,0.0,0,0,0.0,0,0,0,0,0,0,0,0,0
1630658,2023-24,00,1610612747,LAL,23.0,6,0,34.0,6,9,0.667,0,0,0.0,4,4,1.0,4,5,9,3,0,0,1,7,16
1627936,2023-24,00,1610612741,CHI,29.0,46,34,1248.0,158,328,0.482,79,198,0.399,55,71,0.775,46,131,177,130,62,54,64,117,450
1628976,2023-24,00,1610612753,ORL,24.0,28,22,735.0,117,221,0.529,33,81,0.407,55,75,0.733,50,132,182,45,13,13,34,68,322
1628975,2023-24,00,1610612741,CHI,28.0,51,0,705.0,102,273,0.374,60,176,0.341,3,5,0.6,5,33,38,61,26,12,28,54,267
203991,2023-24,00,1610612737,ATL,29.0,47,47,1209.0,227,395,0.575,0,0,0.0,85,131,0.649,225,271,496,46,27,72,40,113,539
1641739,2023-24,00,1610612757,POR,23.0,52,32,1235.0,134,314,0.427,39,129,0.302,53,73,0.726,94,153,247,51,53,23,61,132,360
203484,2023-24,00,1610612743,DEN,30.0,50,50,1596.0,174,393,0.443,72,190,0.379,82,89,0.921,21,96,117,116,66,23,49,96,502
1631288,2023-24,00,1610612748,MIA,24.0,15,1,215.0,29,67,0.433,8,25,0.32,16,21,0.762,13,18,31,3,9,4,4,17,82
202710,2023-24,00,1610612748,MIA,34.0,37,37,1253.0,248,496,0.5,37,84,0.44,259,298,0.869,75,127,202,170,49,11,63,40,792
1630215,2023-24,00,1610612764,WAS,23.0,17,0,128.0,28,50,0.56,10,24,0.417,12,15,0.8,0,11,11,31,8,2,10,14,78
202692,2023-24,00,1610612765,DET,32.0,43,0,901.0,160,406,0.394,99,247,0.401,121,134,0.903,16,94,110,68,21,11,32,64,540
202692,2023-24,00,1610612752,NYK,32.0,2,0,39.0,8,22,0.364,5,12,0.417,6,6,1.0,1,2,3,3,0,0,4,2,27
202692,2023-24,00,0,TOT,32.0,45,0,940.0,168,428,0.393,104,259,0.402,127,140,0.907,17,96,113,71,21,11,36,66,567
203493,2023-24,00,1610612745,HOU,32.0,22,0,206.0,20,47,0.426,15,36,0.417,1,1,1.0,3,30,33,10,4,2,5,11,56
1641723,2023-24,00,1610612737,ATL,20.0,4,0,22.0,2,8,0.25,2,6,0.333,1,2,0.5,2,4,6,1,0,0,0,1,7
1628418,2023-24,00,1610612748,MIA,26.0,25,3,259.0,44,77,0.571,0,4,0.0,18,22,0.818,25,52,77,15,6,5,15,26,106
1628973,2023-24,00,1610612752,NYK,27.0,51,51,1830.0,500,1038,0.482,134,330,0.406,267,320,0.834,29,169,198,330,46,10,120,105,1401
1628972,2023-24,00,1610612750,MIN,24.0,37,3,410.0,52,118,0.441,31,84,0.369,19,22,0.864,14,58,72,35,8,2,18,26,154
1628972,2023-24,00,1610612765,DET,24.0,2,0,37.0,5,12,0.417,3,8,0.375,2,2,1.0,1,5,6,4,0,0,0,2,15
1628972,2023-24,00,0,TOT,24.0,39,3,447.0,57,130,0.438,34,92,0.37,21,24,0.875,15,63,78,39,8,2,18,28,169
1629718,2023-24,00,1610612752,NYK,27.0,5,0,29.0,2,9,0.222,2,6,0.333,0,0,0.0,1,1,2,0,0,2,2,5,6
1630535,2023-24,00,1610612742,DAL,22.0,6,0,40.0,5,11,0.455,1,3,0.333,4,9,0.444,3,6,9,4,0,4,4,5,15
1629650,2023-24,00,1610612757,POR,24.0,9,4,82.0,9,21,0.429,0,0,0.0,0,4,0.0,18,28,46,2,2,3,4,11,18
1641738,2023-24,00,1610612746,LAC,24.0,32,0,279.0,23,62,0.371,12,39,0.308,1,2,0.5,10,34,44,17,6,3,7,40,59
1631112,2023-24,00,1610612754,IND,20.0,5,0,20.0,3,6,0.5,0,1,0.0,4,6,0.667,2,0,2,2,0,0,0,4,10
1627759,2023-24,00,1610612738,BOS,27.0,50,50,1670.0,426,865,0.492,97,284,0.342,150,209,0.718,55,218,273,187,54,28,124,133,1099
1628971,2023-24,00,1610612754,IND,27.0,33,33,981.0,149,314,0.475,33,101,0.327,67,82,0.817,25,129,154,100,35,8,41,81,398
1628971,2023-24,00,1610612761,TOR,27.0,13,5,338.0,49,107,0.458,8,26,0.308,16,16,1.0,15,44,59,27,12,7,14,27,122
1628971,2023-24,00,0,TOT,27.0,46,38,1319.0,198,421,0.47,41,127,0.323,83,98,0.847,40,173,213,127,47,15,55,108,520
1628415,2023-24,00,1610612745,HOU,28.0,44,44,1378.0,223,492,0.453,89,218,0.408,86,102,0.843,32,117,149,71,40,6,63,158,621
1629717,2023-24,00,1610612751,BKN,25.0,10,0,104.0,15,46,0.326,11,32,0.344,1,2,0.5,7,11,18,5,1,1,3,3,42
1627763,2023-24,00,1610612757,POR,31.0,39,25,1121.0,218,496,0.44,82,199,0.412,95,116,0.819,28,120,148,214,27,8,60,58,613
1629052,2023-24,00,1610612738,BOS,25.0,35,0,380.0,43,94,0.457,11,38,0.289,31,47,0.66,36,62,98,24,13,2,11,36,128
1628970,2023-24,00,1610612766,CHA,25.0,42,40,1559.0,347,746,0.465,102,277,0.368,113,132,0.856,37,265,302,142,45,23,83,77,909
1628969,2023-24,00,1610612751,BKN,27.0,53,53,1874.0,408,899,0.454,136,366,0.372,208,251,0.829,44,214,258,195,50,23,119,84,1160
1631128,2023-24,00,1610612743,DEN,22.0,54,0,1022.0,137,309,0.443,35,98,0.357,69,93,0.742,43,145,188,74,21,20,36,81,378
1631103,2023-24,00,1610612759,SAS,20.0,49,21,990.0,156,372,0.419,44,150,0.293,27,29,0.931,16,79,95,110,19,5,55,60,383
1630547,2023-24,00,1610612766,CHA,23.0,14,0,81.0,18,41,0.439,13,30,0.433,1,2,0.5,1,8,9,6,1,1,2,3,50
1628449,2023-24,00,1610612761,TOR,31.0,45,0,630.0,96,198,0.485,29,88,0.33,60,79,0.759,54,129,183,19,13,20,22,61,281
1630527,2023-24,00,1610612746,LAC,22.0,15,0,110.0,22,54,0.407,6,18,0.333,11,12,0.917,7,7,14,5,2,2,5,14,61
1626164,2023-24,00,1610612756,PHX,27.0,44,44,1591.0,430,859,0.501,98,259,0.378,272,313,0.869,30,176,206,314,41,18,114,134,1230
1629716,2023-24,00,1610612749,MIL,25.0,2,0,3.0,0,0,0.0,0,0,0.0,0,0,0.0,0,2,2,0,0,0,0,1,0
1629626,2023-24,00,1610612756,PHX,24.0,17,0,144.0,27,41,0.659,3,11,0.273,5,6,0.833,11,32,43,8,4,9,9,15,62
202711,2023-24,00,1610612765,DET,34.0,28,27,921.0,199,425,0.468,86,207,0.415,81,104,0.779,13,81,94,71,23,4,63,57,565
202711,2023-24,00,1610612752,NYK,34.0,2,0,56.0,10,23,0.435,3,11,0.273,3,5,0.6,0,7,7,1,1,1,1,4,26
202711,2023-24,00,0,TOT,34.0,30,27,977.0,209,448,0.467,89,218,0.408,84,109,0.771,13,88,101,72,24,5,64,61,591
203992,2023-24,00,1610612737,ATL,31.0,52,8,1505.0,316,732,0.432,163,438,0.372,89,98,0.908,31,137,168,143,65,14,58,125,884
1641778,2023-24,00,1610612766,CHA,24.0,22,3,218.0,17,39,0.436,7,15,0.467,9,14,0.643,8,30,38,18,5,6,5,15,50
1641710,2023-24,00,1610612753,ORL,20.0,49,29,883.0,87,176,0.494,24,63,0.381,41,63,0.651,24,81,105,77,26,17,43,92,239
202687,2023-24,00,1610612763,MEM,31.0,30,27,718.0,67,119,0.563,0,0,0.0,22,46,0.478,57,134,191,51,10,34,38,82,156
1641931,2023-24,00,1610612741,CHI,24.0,1,0,3.0,0,0,0.0,0,0,0.0,0,0,0.0,0,0,0,0,0,0,0,0,0
1629048,2023-24,00,1610612753,ORL,24.0,45,31,832.0,112,181,0.619,2,10,0.2,47,71,0.662,97,156,253,68,27,63,32,93,273
1630180,2023-24,00,1610612737,ATL,24.0,53,41,1725.0,242,572,0.423,94,299,0.314,139,168,0.827,138,212,350,78,47,7,44,81,717
201976,2023-24,00,1610612755,PHI,35.0,47,5,919.0,104,241,0.432,35,109,0.321,51,63,0.81,30,115,145,144,24,18,49,83,294
201976,2023-24,00,1610612749,MIL,35.0,3,0,44.0,5,13,0.385,4,6,0.667,0,0,0.0,0,4,4,10,2,0,4,6,14
201976,2023-24,00,0,TOT,35.0,50,5,963.0,109,254,0.429,39,115,0.339,51,63,0.81,30,119,149,154,26,18,53,89,308
202722,2023-24,00,1610612760,OKC,31.0,15,0,91.0,10,26,0.385,10,24,0.417,14,15,0.933,2,8,10,9,3,3,1,10,44
202722,2023-24,00,1610612766,CHA,31.0,2,0,23.0,4,11,0.364,4,11,0.364,0,0,0.0,0,2,2,1,2,0,0,2,12
202722,2023-24,00,0,TOT,31.0,17,0,114.0,14,37,0.378,14,35,0.4,14,15,0.933,2,10,12,10,5,3,1,12,56
1630699,2023-24,00,1610612749,MIL,23.0,40,1,568.0,71,149,0.477,27,69,0.391,19,28,0.679,22,70,92,29,12,6,27,51,188
1627736,2023-24,00,1610612749,MIL,27.0,53,53,1565.0,219,464,0.472,153,341,0.449,16,25,0.64,36,174,210,73,41,6,38,107,607
203078,2023-24,00,1610612756,PHX,30.0,30,30,979.0,214,432,0.495,49,135,0.363,69,89,0.775,25,103,128,135,27,8,73,78,546
201587,2023-24,00,1610612746,LAC,35.0,3,0,54.0,3,8,0.375,2,7,0.286,0,0,0.0,0,7,7,5,3,4,1,5,8
201587,2023-24,00,1610612755,PHI,35.0,31,27,792.0,67,127,0.528,42,90,0.467,9,14,0.643,42,82,124,73,20,21,20,63,185
201587,2023-24,00,0,TOT,35.0,34,27,846.0,70,135,0.519,44,97,0.454,9,14,0.643,42,89,131,78,23,25,21,68,193
1628966,2023-24,00,1610612756,PHX,28.0,39,8,597.0,64,150,0.427,20,64,0.313,26,36,0.722,30,71,101,34,22,20,13,33,174
1628966,2023-24,00,1610612751,BKN,28.0,1,0,4.0,1,1,1.0,0,0,0.0,0,0,0.0,0,0,0,0,0,0,0,0,2
1628966,2023-24,00,0,TOT,28.0,40,8,601.0,65,151,0.43,20,64,0.313,26,36,0.722,30,71,101,34,22,20,13,33,176
1641734,2023-24,00,1610612739,CLE,20.0,10,0,76.0,6,25,0.24,5,20,0.25,1,2,0.5,1,9,10,6,1,2,1,5,18
1629646,2023-24,00,1610612759,SAS,23.0,19,0,205.0,29,40,0.725,0,1,0.0,5,6,0.833,23,53,76,21,8,17,15,31,63
1629628,2023-24,00,1610612752,NYK,23.0,26,26,767.0,164,388,0.423,43,130,0.331,103,124,0.831,19,92,111,63,12,9,47,45,474
1629628,2023-24,00,1610612761,TOR,23.0,18,18,606.0,142,258,0.55,25,68,0.368,58,89,0.652,20,102,122,64,12,7,36,50,367
1629628,2023-24,00,0,TOT,23.0,44,44,1373.0,306,646,0.474,68,198,0.343,161,213,0.756,39,194,233,127,24,16,83,95,841
1630567,2023-24,00,1610612761,TOR,22.0,54,54,1899.0,399,847,0.471,98,274,0.358,178,230,0.774,126,310,436,320,66,79,143,110,1074
203084,2023-24,00,1610612758,SAC,31.0,53,53,1579.0,222,463,0.479,101,256,0.395,95,116,0.819,43,111,154,63,38,8,37,67,640
1631230,2023-24,00,1610612759,SAS,20.0,23,1,307.0,40,84,0.476,3,7,0.429,22,34,0.647,33,51,84,26,9,12,5,33,105
1630625,2023-24,00,1610612738,BOS,24.0,24,1,171.0,19,51,0.373,2,16,0.125,16,20,0.8,12,23,35,19,5,3,10,20,56
1630625,2023-24,00,1610612757,POR,24.0,2,0,51.0,9,22,0.409,2,7,0.286,8,11,0.727,1,7,8,6,1,0,6,2,28
1630625,2023-24,00,0,TOT,24.0,26,1,222.0,28,73,0.384,4,23,0.174,24,31,0.774,13,30,43,25,6,3,16,22,84
1630217,2023-24,00,1610612763,MEM,25.0,37,37,1277.0,330,696,0.474,123,320,0.384,121,140,0.864,34,135,169,196,38,20,99,106,904
1631094,2023-24,00,1610612753,ORL,21.0,54,54,1888.0,436,957,0.456,79,223,0.354,278,396,0.702,61,310,371,284,57,29,162,108,1229
1628964,2023-24,00,1610612755,PHI,25.0,31,0,329.0,51,102,0.5,12,27,0.444,16,25,0.64,45,71,116,19,12,30,21,46,130
1630163,2023-24,00,1610612766,CHA,22.0,22,22,711.0,183,423,0.433,70,197,0.355,90,104,0.865,29,84,113,176,40,4,83,79,526
1631116,2023-24,00,1610612764,WAS,21.0,17,0,123.0,16,41,0.39,10,22,0.455,8,12,0.667,7,29,36,7,1,3,6,20,50
1641735,2023-24,00,1610612766,CHA,19.0,3,0,15.0,2,7,0.286,0,3,0.0,1,2,0.5,2,0,2,1,0,0,1,0,5
1628963,2023-24,00,1610612765,DET,24.0,26,10,478.0,107,181,0.591,1,6,0.167,50,61,0.82,46,72,118,27,5,14,29,40,265
1628963,2023-24,00,1610612764,WAS,24.0,10,4,235.0,54,94,0.574,1,4,0.25,29,44,0.659,38,43,81,13,6,6,17,28,138
1628963,2023-24,00,0,TOT,24.0,36,14,714.0,161,275,0.585,2,10,0.2,79,105,0.752,84,115,199,40,11,20,46,68,403
1628962,2023-24,00,1610612756,PHX,24.0,13,0,103.0,16,22,0.727,0,0,0.0,3,11,0.273,11,20,31,3,0,6,4,17,35
1629028,2023-24,00,1610612757,POR,25.0,36,36,1152.0,236,418,0.565,0,0,0.0,38,47,0.809,112,268,380,59,36,28,63,78,510
1630166,2023-24,00,1610612764,WAS,23.0,53,53,1481.0,262,504,0.52,56,143,0.392,120,164,0.732,51,288,339,202,44,23,106,134,700
1627853,2023-24,00,1610612752,NYK,29.0,20,0,45.0,0,6,0.0,0,6,0.0,0,0,0.0,0,8,8,4,2,0,2,5,0
1628384,2023-24,00,1610612761,TOR,26.0,27,27,900.0,157,321,0.489,61,163,0.374,33,46,0.717,24,82,106,72,28,13,43,62,408
1628384,2023-24,00,1610612752,NYK,26.0,14,14,500.0,81,157,0.516,25,64,0.391,32,38,0.842,15,50,65,21,25,15,19,34,219
1628384,2023-24,00,0,TOT,26.0,41,41,1401.0,238,478,0.498,86,227,0.379,65,84,0.774,39,132,171,93,53,28,62,96,627
1630175,2023-24,00,1610612753,ORL,23.0,53,0,1216.0,214,499,0.429,57,174,0.328,145,173,0.838,48,168,216,163,43,21,94,130,630
203648,2023-24,00,1610612749,MIL,31.0,23,0,106.0,11,21,0.524,0,1,0.0,0,0,0.0,5,4,9,12,3,4,10,20,22
203507,2023-24,00,1610612749,MIL,29.0,53,53,1851.0,611,1000,0.611,24,94,0.255,381,582,0.655,136,466,602,334,73,58,187,158,1627
203937,2023-24,00,1610612750,MIN,30.0,54,2,1180.0,128,274,0.467,7,32,0.219,70,100,0.7,42,143,185,220,44,29,66,80,333
1630631,2023-24,00,1610612740,NOP,25.0,36,0,594.0,89,213,0.418,46,125,0.368,25,37,0.676,14,63,77,64,39,11,25,52,249
1628386,2023-24,00,1610612739,CLE,25.0,47,47,1438.0,302,468,0.645,0,4,0.0,130,174,0.747,168,331,499,130,36,55,85,106,734
1628960,2023-24,00,1610612756,PHX,28.0,48,48,1585.0,209,405,0.516,122,250,0.488,79,89,0.888,31,161,192,150,40,30,65,103,619
1629638,2023-24,00,1610612750,MIN,25.0,54,16,1247.0,138,318,0.434,80,209,0.383,29,38,0.763,21,83,104,139,47,27,52,101,385
1630583,2023-24,00,1610612763,MEM,23.0,42,16,1037.0,168,392,0.429,72,208,0.346,35,58,0.603,48,188,236,86,28,28,47,61,443
1630534,2023-24,00,1610612762,UTA,23.0,51,10,1003.0,106,249,0.426,47,142,0.331,15,20,0.75,35,91,126,47,27,29,34,66,274
1630534,2023-24,00,1610612761,TOR,23.0,2,0,37.0,4,17,0.235,0,8,0.0,2,3,0.667,2,2,4,1,1,0,2,3,10
1630534,2023-24,00,0,TOT,23.0,53,10,1040.0,110,266,0.414,47,150,0.313,17,23,0.739,37,93,130,48,28,29,36,69,284
1628389,2023-24,00,1610612748,MIA,26.0,44,44,1516.0,335,661,0.507,1,11,0.091,216,277,0.78,100,366,466,184,46,43,107,109,887
1630173,2023-24,00,1610612761,TOR,24.0,25,0,437.0,78,170,0.459,13,47,0.277,24,42,0.571,50,86,136,44,16,12,29,40,193
1630173,2023-24,00,1610612752,NYK,24.0,22,8,540.0,72,136,0.529,5,22,0.227,11,15,0.733,64,89,153,16,13,24,20,47,160
1630173,2023-24,00,0,TOT,24.0,47,8,976.0,150,306,0.49,18,69,0.261,35,57,0.614,114,175,289,60,29,36,49,87,353
